query,title,description,publishedAt,source,url
Ceylon tea,Dilmah Premium Quality Tea Bags 100 pack $4.30 @ Woolworths,"Finely balanced richness, flavour, strength and aroma for the perfect cup of tea. Our Premium tea is sourced from a single origin; the central highlands of Sri Lanka, reputed for its brightness …",2026-07-31T04:01:56Z,Ozbargain.com.au,https://www.ozbargain.com.au/node/969758
Ceylon tea,40% off All Hampers Online + $5 Shipping @ Hamper World,This Weekend Only. Online Sale at Hamper World. Save 40% on our entire range of Gift Hampers. Will End Sunday Night. Have your hampers delivered Now or select a future Delivery Date. Free Greeting …,2026-07-17T06:52:53Z,Ozbargain.com.au,https://www.ozbargain.com.au/node/968206
Ceylon tea,HIGH SEASON   Full-service Etihad Airways flights from Prague & Vienna to Sri Lanka from €539,"Dreaming of tropical beaches, lush landscapes and unforgettable Sri Lankan adventures? This fantastic flight deal makes it possible to travel from Vienna and Czechia to Colombo with Etihad Airways starting at only €539 return with checked bags included.",2026-08-11T19:25:24Z,Fly4free.com,https://www.fly4free.com/flight-deals/europe/etihad-airways-flights-from-prague-vienna-to-sri-lanka/
Ceylon tea,British mother on the run in UK after abducting her two sons from their American father is tea heiress,"Nishika Samaratunga, 34,  who is accused of abducting her two young sons from their American father is descended from a Sri Lankan entrepreneur behind Mackwoods tea company.",2026-07-17T10:02:04Z,Dailymail.com,https://www.dailymail.com/news/article-15984621/British-mother-abducting-two-sons-American-tea-heiress.html
Ceylon tea,☀️ High-season Sri Lanka 2027: non-stop flights from Paris to Colombo from €582 return,"Dreaming of beaches, tea plantations, wildlife and ancient temples? French bee is showing non-stop flights from Paris to Colombo from just €582 return for high-season 2027 — a great chance to plan a tropical adventure in one of Asia’s most beautiful and diver…",2026-08-12T13:00:55Z,Fly4free.com,https://www.fly4free.com/flight-deals/europe/flights-from-paris-to-sri-lanka-e582/
Ceylon tea,Cheap flights from Munich & Milan to Sri Lanka from €454 or €482 over High Season  ,Jet off to Colombo starting at only €454 return with Air Arabia! Sri Lanka is an island of dazzling contrasts and epic adventures: gaze at endless golden beaches or cool off in the misty hills of tea country and explore impressive ancient ruins at Sigiriya Fo…,2026-08-10T06:00:42Z,Fly4free.com,https://www.fly4free.com/flight-deals/europe/flights-from-munich-and-milan-to-sri-lanka-e454/
Ceylon tea,HIGH SEASON   Flights from Prague to Sri Lanka for €574,"Experience pure paradise with these Flydubai flights to Colombo starting at €574 return! Switch city life for sugar-soft sands, crystal-clear seas, and tropical serenity-where you can unwind, adventure, and indulge in a truly unforgettable escape.",2026-08-09T13:00:40Z,Fly4free.com,https://www.fly4free.com/flight-deals/europe/flights-from-prague-to-sri-lanka-e574/
Ceylon tea,HKTDC August events open next week with wellness focus,"Organised by the Hong Kong Trade Development Council (HKTDC), the 36th Food Expo, 10th Beauty &amp; Wellness Expo and 12th Home Delights Expo will be held ...",2026-08-05T15:10:58Z,Antaranews.com,https://en.antaranews.com/news/425729/hktdc-august-events-open-next-week-with-wellness-focus
Sri Lanka tea export,"Empire buys back: After Tata, Adani can rewrite India's colonial past","Adani Ports is evaluating the acquisition of a controlling stake in UK's Associated British Ports (ABP) in a deal valued at nearly $10 billion. If completed, the acquisition would rank among the biggest overseas buys by an Indian company, marking a symbolic s…",2026-07-29T08:41:32Z,The Times of India,https://economictimes.indiatimes.com/industry/transportation/shipping-/-transport/empire-buys-back-after-tata-adani-can-rewrite-indias-colonial-past-adani-ports-associated-british-ports-uk-acquisition-10-billion-deal/articleshow/132706436.cms
global tea market price,"ECB leaves rates on hold, but keeps door open to further rate hikes","LONDON, July 23 (Reuters) - The European Central Bank kept borrowing costs on hold on Thursday but left room for more tightening in the coming months as a wi...",2026-07-23T12:55:09Z,Yahoo Entertainment,https://finance.yahoo.com/economy/policy/articles/ecb-leaves-rates-hold-keeps-125509510.html
global tea market price,Unilever (UL) Looked Undervalued. Why Was It Sold?,"Brown Advisory, an investment management company, released its “Brown Advisory Global Leaders Strategy” for the second quarter of 2026 investor letter. A cop...",2026-08-10T13:09:19Z,Yahoo Entertainment,https://finance.yahoo.com/markets/stocks/articles/unilever-ul-looked-undervalued-why-130919674.html
global tea market price,What Are Wall Street Analysts' Target Price for Coca-Cola Stock?,"Coca-Cola has outperformed the broader market over the past year, and analysts remain highly optimistic about its future growth prospects.",2026-08-06T10:29:56Z,Barchart.com,https://www.barchart.com/story/news/3686753/what-are-wall-street-analysts-target-price-for-coca-cola-stock
global tea market price,"Weather shocks, structural weaknesses fuel volatility in coffee, cocoa, tea prices, says FAO","FAO report reveals weather shocks and structural weaknesses drive volatility in coffee, cocoa, and tea prices, impacting producers significantly.",2026-07-20T14:25:19Z,BusinessLine,https://www.thehindubusinessline.com/economy/agri-business/weather-shocks-structural-weaknesses-fuel-volatility-in-coffee-cocoa-tea-prices-says-fao/article71245746.ece
global tea market price,Coca-Cola Shows Why Quality Dividend Stocks Can Still Beat the Market,"As AI stocks dominate headlines, Coca-Cola reminds investors that quality businesses continue creating long-term wealth.",2026-07-31T12:16:39Z,Barchart.com,https://www.barchart.com/story/news/3574791/coca-cola-shows-why-quality-dividend-stocks-can-still-beat-the-market
global tea market price,Coca-Cola Europacific Partners Q2 Earnings Call Highlights,"Coca-Cola Europacific Partners (NASDAQ:CCEP) reported higher first-half revenue, operating profit and earnings per share, citing broad-based volume growth, m...",2026-08-04T13:04:06Z,MarketBeat,https://www.marketbeat.com/instant-alerts/coca-cola-europacific-partners-q2-earnings-call-highlights-2026-08-04/?utm_source=yahoofinance&amp;utm_medium=yahoofinance
global tea market price,I just circled Japan on a Princess cruise ship. It was a great way to tour the country,Japan cruise story,2026-08-05T13:30:07Z,The Points Guy,https://thepointsguy.com/cruise/princess-japan-cruise/
global tea market price,5 Dividend Kings Continued to Pay and Raise Dividends Through Every Market Crash Since Black Monday,"Black Monday wiped out 22% of the market in a single day, and most investors never saw it coming. A small group of companies not only survived that crash and...",2026-07-27T12:20:10Z,24/7 Wall St.,https://247wallst.com/investing/2026/07/27/5-dividend-kings-continued-to-pay-and-raise-dividends-through-every-market-crash-since-black-monday/
global tea market price,The World’s Largest Fast-Food Franchisee Is Still Hungry For More,"Greg Flynn has more than 3,000 restaurants—including Wendy’s, Pizza Hut, Taco Bell and more—that bring in over $5 billion of revenue each year.  Here’s why he’s doubling down.",2026-07-17T10:00:00Z,Forbes,https://www.forbes.com/sites/chloesorvino/2026/07/16/greg-flynn-worlds-largest-fast-food-franchisee-is-still-hungry-for-more/
global tea market price,MINUTE MAID SPIKED® EXPANDS ITS PORTFOLIO WITH THE LAUNCH OF VODKA LEMONADE ICED TEA,"Perfect for summer sipping, Minute Maid Spiked® announces a new no-duh addition to its no-fuss ready-to-drink alcohol line ATLANTA, Aug. 4, 2026 /PRNewswire/ -- Minute Maid Spiked® is debuting the newest addition to its ready-to-drink alcohol lineup with Vodk…",2026-08-04T13:05:00Z,PRNewswire,https://www.prnewswire.com/news-releases/minute-maid-spiked-expands-its-portfolio-with-the-launch-of-vodka-lemonade-iced-tea-302842071.html
global tea market price,Dark Chocolate May Come with a Heavy Metal Catch,"An 80-year analysis of 72 cocoa products found that 43% exceeded California limits for lead and 35% exceeded limits for cadmium, showing that heavy metal contamination remains common in dark chocolate
The chocolate bar you choose matters because contamination…",2026-08-13T17:02:05Z,Globalresearch.ca,https://www.globalresearch.ca/dark-chocolate-come-heavy-metal-catch/5936639
global tea market price,"Biscuit Market Size to Reach $181.83 Billion by 2031 as Healthier Reformulations & E-Commerce Growth Reshape Snacking, Mordor Intelligence","HYDERABAD, India, Aug. 10, 2026 /PRNewswire/ -- According to Mordor Intelligence, the global biscuit market is projected to grow from USD 142.05 billion in 2026 to USD 181.83 billion by 2031, registering a CAGR of 5.05% during the forecast period (2026-2031).…",2026-08-10T15:09:00Z,PRNewswire,https://www.prnewswire.com/news-releases/biscuit-market-size-to-reach-181-83-billion-by-2031-as-healthier-reformulations--e-commerce-growth-reshape-snacking-mordor-intelligence-302847096.html
global tea market price,From Assam to Nilgiri: How regional teas are becoming premium brands,"India's tea market is shifting towards premium products and regional diversity.  Gen Z and millennials are driving this growth, seeking authenticity and unique flavors.  Regional teas from Assam, Darjeeling, and Nilgiri are gaining new recognition.  Changing …",2026-07-21T13:46:48Z,The Times of India,https://economictimes.indiatimes.com/news/economy/agriculture/from-assam-to-nilgiri-how-regional-teas-are-becoming-premium-brands/articleshow/132538185.cms
global tea market price,Premium drinks are fuelling growth at Indian café chains. A global supply squeeze is testing margins,"Matcha, hojicha and other imported ingredients are becoming sharply more expensive, forcing café chains to absorb higher costs even as premium beverages emerge as a key growth driver.",2026-08-02T01:30:23Z,Livemint,https://www.livemint.com/industry/premium-drinks-are-fuelling-growth-at-indian-caf-chains-a-global-supply-squeeze-is-testing-margins-11785478599599.html
global tea market price,DAILY CURRENT AFFAIRS IAS | UPSC Prelims and Mains Exam – 5th August 2026,"Archives (PRELIMS  Focus)     (MAINS Focus)  
The post DAILY CURRENT AFFAIRS IAS | UPSC Prelims and Mains Exam – 5th August 2026 appeared first on IASbaba.",2026-08-07T11:47:02Z,Iasbaba.com,https://iasbaba.com/2026/08/daily-current-affairs-ias-upsc-prelims-and-mains-exam-5th-august-2026/
global tea market price,Oil Extends Losses on Hormuz Talks,Oil fell for a third day as optimism over a potential Strait of Hormuz shipping agreement outweighed ongoing geopolitical risks.,2026-08-05T19:43:49Z,Rigzone,https://www.rigzone.com/news/wire/oil_extends_losses_on_hormuz_talks-05-aug-2026-184306-article/
global tea market price,Fuel prices stemming from a war in Iran is reshaping daily life for people in the U.S. and Chile to Turkey and Nepal,"A Santiago cabdriver, an Istanbul carpet seller and a Lagos printer are among those absorbing fuel costs that have doubled since the war began.",2026-07-27T13:50:36Z,Fortune,https://fortune.com/2026/07/27/fuel-prices-iran-war-daily-life/
global tea market price,Soda Slim Capsules (2026 Official Launch) SodaSlim's Five-Ingredient Formula Enters The U.S. Weight Management Market,"Soda Slim's five-ingredient formula discloses every active ingredient amount on the label, is manufactured in the United States, and ships with a 60-day money-back guarantee. Soda Slim's five-ingredient formula discloses every active ingredient amount on the …",2026-08-06T14:04:00Z,GlobeNewswire,https://www.globenewswire.com/news-release/2026/08/06/3340445/0/en/Soda-Slim-Capsules-2026-Official-Launch-SodaSlim-s-Five-Ingredient-Formula-Enters-The-U-S-Weight-Management-Market.html
global tea market price,"Biscuit Market Size to Reach $181.83 Billion by 2031 as Healthier Reformulations & E-Commerce Growth Reshape Snacking, Mordor Intelligence","HYDERABAD, India, Aug. 10, 2026 /PRNewswire/ -- According to Mordor Intelligence, the global biscuit market is projected to grow from USD 142.05 billion in 2026 to USD 181.83 billion by 2031, registering a CAGR of 5.05% during the forecast period (2026-2031).…",2026-08-10T15:09:00Z,PR Newswire UK,https://www.prnewswire.co.uk/news-releases/biscuit-market-size-to-reach-181-83-billion-by-2031-as-healthier-reformulations--e-commerce-growth-reshape-snacking-mordor-intelligence-302847101.html
global tea market price,"Sensex today | Stock Market Highlights: Sensex slips 187 pts to close at 77,966, Nifty ends at 24,435; TCS, M&M top losers","Sensex Today, Nifty 50 | Stock Market Highlights: Find here all the live updates related to Sensex, Nifty, BSE, NSE, share prices and Indian stock markets for 12th August 2026.",2026-08-12T11:36:21Z,BusinessLine,https://www.thehindubusinessline.com/markets/sensex-nifty50-today-stock-market-highlights-12th-august-2026/article71332253.ece
global tea market price,"Sensex today | Stock Market Highlights: Sensex shed 70.71 pts or 0.09% to end at 78,009.25 after hitting a low of 77,684.37; Nifty 50 dipped 29.85 pts or 0.12% to 24,366","Sensex Today, Nifty 50 | Stock Market Highlights - Find here all the highlights related to Sensex, Nifty, BSE, NSE, share prices and Indian stock markets for 14th August 2026.",2026-08-14T10:37:55Z,BusinessLine,https://www.thehindubusinessline.com/markets/sensex-nifty50-today-stock-market-highlights-14th-august-2026/article71341547.ece
global tea market price,"[Latest] Global Nutritional Market Size/Share Worth USD 1,819.6 Billion by 2034 at a 10.6% CAGR: Custom Market Insights (Analysis, Outlook, Leaders, Report, Trends, Forecast, Segmentation, Growth, Growth Rate, Value)","[220+ Pages Latest Report] According to a market research study published by Custom Market Insights, the demand analysis of Global Nutritional Market size & share revenue was valued at approximately USD 660.6 Billion in 2024 and is expected to reach USD 731.9…",2026-08-06T19:30:00Z,GlobeNewswire,https://www.globenewswire.com/news-release/2026/08/06/3340642/0/en/Latest-Global-Nutritional-Market-Size-Share-Worth-USD-1-819-6-Billion-by-2034-at-a-10-6-CAGR-Custom-Market-Insights-Analysis-Outlook-Leaders-Report-Trends-Forecast-Segmentation-Gro.html
global tea market price,Why the Disposable Paper Cups Market Is Expected to Reach US$ 22.68 Billion by 2034,The disposable paper cups market size is projected to reach US$ 22.68 billion by 2034 from US$ 13.12 billion in 2025 at CAGR of 6.3%...,2026-07-21T08:52:00Z,GlobeNewswire,https://www.globenewswire.com/news-release/2026/07/21/3330231/0/en/Why-the-Disposable-Paper-Cups-Market-Is-Expected-to-Reach-US-22-68-Billion-by-2034.html
global tea market price,"Sensex today | Stock Market Highlights: Sensex rises 888 pts to close at 77,654, Nifty ends at 24,250; Hindustan Unilever, Infosys top gainers","Sensex Today, Nifty 50 | Stock Market Highlights: Find here all the key highlights related to Sensex, Nifty, BSE, NSE, share prices and Indian stock markets for 29th July 2026.",2026-07-29T10:58:52Z,BusinessLine,https://www.thehindubusinessline.com/markets/sensex-nifty50-today-stock-market-highlights-29-july-2026/article71276758.ece
global tea market price,FMCG price hikes could rewrite India’s inflation story: Report,Consumer goods companies' planned price hikes could pressure inflation despite the RBI's outlook.  Elara Capital expects the Reserve Bank of India to maintain interest rates through 2026.  A potential rate hike is possible in early 2027 if inflation pressures…,2026-08-06T05:50:06Z,The Times of India,https://economictimes.indiatimes.com/industry/cons-products/fmcg/fmcg-price-hikes-could-rewrite-indias-inflation-story-report/articleshow/132983766.cms
global tea market price,Argentina’s Falklands banner at World Cup sparks fresh attention on $ARG fan token,"Argentina's Falklands banner at the World Cup semifinal draws fresh scrutiny to the $ARG fan token and the AFA's expanding crypto sponsorship deals.
The post Argentina’s Falklands banner at World Cup sparks fresh attention on $ARG fan token appeared first on …",2026-07-18T11:56:12Z,Crypto Briefing,https://cryptobriefing.com/argentina-falklands-banner-arg-fan-token/
global tea market price,Blackstone-Backed Jersey Mike’s Falls 8.7% After $1 Billion IPO,"Jersey Mike’s Subs Inc. shares slumped 8.7% in their trading debut Thursday, after the company and some of its shareholders raised $1 billion in a US initial public offering that priced at the midpoint of its marketed range.",2026-07-30T17:42:30Z,Financial Post,https://financialpost.com/pmn/business-pmn/blackstone-backed-jersey-mikes-falls-8-7-after-1-billion-ipo
global tea market price,"Sandwich Chain Jersey Mike’s, Backers Raise $1 Billion in IPO",Jersey Mike’s Subs Inc. and some of its shareholders raised $1 billion in an initial public offering that priced at the midpoint of its marketed range.,2026-07-29T23:46:01Z,Financial Post,https://financialpost.com/pmn/business-pmn/sandwich-chain-jersey-mikes-backers-raise-1-billion-in-ipo
global tea market price,Coffee drinkers pay US$32 for a single cup and a side of luxury,A luxury chain setting up shops across Manhattan is betting customers will be willing to pay US$32 for an 8-ounce cup of coffee. Read here,2026-08-13T13:28:07Z,Financial Post,https://financialpost.com/news/retail-marketing/coffee-drinkers-pay-luxury-single-cup
global tea market price,"Q1 Results Today Highlights: SBI, Titan, Hindalco, Hitachi Energy, Oil India and PFC post profit growth; Ola Electric, BEML losses narrow; HGS slips into loss","Q1 Results Today, 07th August 2026 highlights: Find all the latest Q1 results 2026 updates of Aarti Pharmalabs, Advait Energy Transitions, Amba Enterprises, Afcons Infrastructure, AG Ventures, Akshar Spintex, Alankit, Anuh Pharma, APM Industries, Aqylon Nexus…",2026-08-07T16:02:36Z,BusinessLine,https://www.thehindubusinessline.com/markets/q1-results-today-highlights-sbi-titan-hindalco-power-finance-corporation-godrej-consumer-oil-india-nlc-kaynes-tech-ramco-cements-afcons-infra-lemon-tree-cello-hitachi-lic-trent-results-07-august-202/article71313123.ece
global tea market price,Weekly Climate and Energy News Roundup #701,"Quote of the Week: “[W]e compare the result of [a theory’s] computation to nature, … compare it directly with observations, to see if it works. If it disagrees with experiment, it is wrong. In that simple statement is the key to science.” — Richard Feynman Th…",2026-08-10T09:00:00Z,Wattsupwiththat.com,https://wattsupwiththat.com/2026/08/10/weekly-climate-and-energy-news-roundup-701/
global tea market price,"Fueled by Private Wealth, China’s Next Art Capital Thrives Off-Grid","""Artists choose to live in Hangzhou because the city nourishes their practice,"" artist and CAA professor Wu Junyong told Observer. ""They don't want to spend energy on ineffective socializing.""",2026-08-06T21:09:35Z,Observer,https://observer.com/2026/08/fueled-by-private-wealth-chinas-next-art-capital-thrives-off-grid/
global tea market price,Brent may retest $90 as supply risks outweigh peace hopes: Mirae Asset,"Global refining capacity has effectively fallen by close to 10 per cent, or about 7-8 mbpd.",2026-08-07T09:20:28Z,Business Standard,https://www.business-standard.com/markets/news/brent-may-retest-90-as-supply-risks-outweigh-peace-hopes-mirae-asset-126080701156_1.html
global tea market price,"Across the world, Iran war's effects trickle into everyday life one human at a time","Across seven countries, seven people woke up to days that no longer looked the way they once did",2026-07-27T08:01:51Z,Abcnews.com,https://abcnews.com/Business/wireStory/days-disrupted-world-iran-wars-effects-trickle-everyday-135110588
global tea market price,"HUL shares fall 7% as Q1 attributable profit drops 3% to ₹2,673 crore","HUL shares plummet 7% as Q1 profit dips 3%, despite strong sales growth and strategic investments in premium categories.",2026-07-28T10:58:49Z,BusinessLine,https://www.thehindubusinessline.com/markets/stock-markets/hul-shares-fall-7-as-q1-attributable-profit-drops-3-to-2673-crore/article71276610.ece
global tea market price,The 2026 QSR 50: Fast Food’s Leading Annual Report,"The brands leading this year’s QSR 50 are succeeding in an environment with cautious consumers, fierce competition, and shifting expectations. Traffic has be...",2026-08-03T12:05:52Z,QSR magazine,https://www.qsrmagazine.com/story/the-2026-qsr-50-fast-foods-leading-annual-report/
global tea market price,"Sensex today | Stock Market Highlights: Sensex falls 456 points, Nifty slips as banking stocks drag markets lower","Sensex Today, Nifty 50 | Stock Market Highlights: 7 August 2026 - Indian benchmark indices closed lower on Friday, ending a two-day recovery, as weakness in banking and financial stocks combined with elevated crude oil prices and geopolitical concerns weighed…",2026-08-07T10:53:45Z,BusinessLine,https://www.thehindubusinessline.com/markets/sensex-nifty50-today-stock-market-highlights-updates-7th-august-2026/article71314561.ece
global tea market price,"Q1 results: Tata Motors, IRCTC, HAL, Abbott India, and 545 more on Aug 12","Q1FY27 company results: Firms including Grasim Industries, Apollo Hospitals Enterprise, Astral, Petronet LNG, Sun TV Network, and GMR Airports are also to release their April-June earnings today",2026-08-12T03:39:08Z,Business Standard,https://www.business-standard.com/companies/quarterly-results/q1-results-tata-motors-irctc-hal-abbott-india-and-545-more-on-aug-12-126081200166_1.html
global tea market price,"Q1 results: Tata Motors, IRCTC, HAL, Abbott India, and 545 more on Aug 12","Q1FY27 company results: Firms including Grasim Industries, Apollo Hospitals Enterprise, Astral, Petronet LNG, Sun TV Network, and GMR Airports are also to release their April-June earnings today",2026-08-12T03:39:05Z,Business Standard,https://www.business-standard.com/companies/quarterly-results/q1-results-tata-motors-irctc-hal-abbott-india-and-545-more-on-aug-12-126081200150_1.html
global tea market price,Kyrgyzstan’s Dordoi Bazaar: a world made from shipping containers and a city within a city,Every container opens onto its own distinct social world.,2026-08-03T13:20:07Z,The Conversation Africa,https://theconversation.com/kyrgyzstans-dordoi-bazaar-a-world-made-from-shipping-containers-and-a-city-within-a-city-287083
global tea market price,Why Black Americans Need Reparations Now,"As a Haitian American, I have heard stories of resistance from my elders starting at the tender age of three. The accounts were often told through fairy tales, but as I grew older, the message became more direct. By late",2026-07-27T09:08:46Z,Lithub.com,https://lithub.com/why-black-americans-need-reparations-now/
global tea market price,Dior Revival Breaks Losing Streak at LVMH Fashion Division,"Organic sales of fashion and leather goods were up 1 percent in the second quarter, following seven consecutive quarters of declines.",2026-07-27T21:23:30Z,WWD,http://wwd.com/business-news/financial/dior-revival-losing-streak-lvmh-fashion-division-1239084268/
global tea market price,"The OPEKEPE saga and the European prosecutors (who are not finished yet…), Aperol and wine, but no more hard liquor at the Presidency, Piraeus Bank…denies while confirming regarding IASO","Greeks are locking in shipping’s next big bet early but not a single Greek newbuilding order in the past week 
The post The OPEKEPE saga and the European prosecutors (who are not finished yet…), Aperol and wine, but no more hard liquor at the Presidency, Pira…",2026-07-17T07:07:26Z,Protothema.gr,https://en.protothema.gr/2026/07/17/the-opekepe-saga-and-the-european-prosecutors-who-are-not-finished-yet-aperol-and-wine-but-no-more-hard-liquor-at-the-presidency-piraeus-bankdenies-while-confirming-regarding-ia/
global tea market price,Top 5 Frozen Food Packaging Machine Manufacturers in China,"CO, UNITED STATES, July 29, 2026 / EINPresswire.com / -- Top 5 Frozen Food Packaging Machine Manufacturers in China: Selection Guide, Industry Comparison, and Key Buying Factors",2026-07-29T08:19:42Z,Associated Press,https://apnews.com/press-release/ein-presswire-newsmatics/press-release-5bdab9a32136d15f1a7d5183c89307a2
global tea market price,"Top 5 Gummy Packaging Machine Manufacturers in China: Selection Guide, Comparison, and Industry Insights","PA, UNITED STATES, July 23, 2026 / EINPresswire.com / -- Top 5 Gummy Packaging Machine Manufacturers in China: Selection Guide, Comparison, and Industry Insights",2026-07-23T09:09:14Z,Associated Press,https://apnews.com/press-release/ein-presswire-newsmatics/press-release-aec3dbfbc21d44b86f4a9ebbe3b313e5
global tea market price,Economic Digest: A Snapshot of Nepal’s Business News,"KATHMANDU: Economic Digest presents a brief yet comprehensive roundup of major business developments in Nepal, delivered in clear and accessible summaries. Nepal’s latest economic developments present a mixed picture of steady policy execution and infrastruct…",2026-07-23T02:15:04Z,Khabarhub.com,https://english.khabarhub.com/2026/23/559796/
global tea market price,Economic Digest: A Snapshot of Nepal’s Business News,"KATHMANDU: Economic Digest presents a brief yet comprehensive roundup of major business developments in Nepal, delivered in clear and accessible summaries. Nepal’s latest economic indicators present a mixed picture of resilience alongside persistent structura…",2026-08-04T02:15:19Z,Khabarhub.com,https://english.khabarhub.com/2026/04/561721/
global tea market price,"Hong Kong Book Fair, Sports and Leisure Expo and World of Snacks all open today","Organised by the Hong Kong Trade Development Council (HKTDC), the 36th Hong Kong Book Fair, the 9th Sports and Leisure Expo and the 6th World of Snacks all ...",2026-07-17T07:08:00Z,Antaranews.com,https://en.antaranews.com/news/423033/hong-kong-book-fair-sports-and-leisure-expo-and-world-of-snacks-all-open-today
global tea market price,How sugarcane is powering Indonesia's bioethanol ambition,"Landing at Abdulrachman Saleh Airport in Malang, passengers are greeted by sprawling green fields that look like wild grass from above but are actually vast ...",2026-07-22T11:56:11Z,Antaranews.com,https://en.antaranews.com/news/423649/how-sugarcane-is-powering-indonesias-bioethanol-ambition
