year_month,tea_category,package_type,quantity_kg,fob_rs_per_kg
2015-01,Black,Bags,160715.47,1022.3
2015-01,2015-01,Bulk,148911.0,432.06
2015-01,2015-01,Packets (4g - 1kg),140048.26,698.85
2015-01,2015-01,Packets (5kg - 10kg),1280.0,368.52
2015-01,Green,Bags,95938.67,1598.89
2015-01,2015-01,Bulk,1815.0,477.17
2015-01,2015-01,Packets (4g - 1kg),67771.13,964.98
2015-01,2015-01,Packets (1kg - 3kg),200.0,1156.51
2015-01,2015-01,Packets (3kg - 5kg),10.0,134.0
2015-01,2015-01,RTD ( Liters ),1151343.0,83.89
2015-02,Black,Bags,254928.79,908.52
2015-02,2015-02,Bulk,70132.58,408.13
2015-02,2015-02,Packets (3kg - 5kg),36.0,1142.64
2015-02,2015-02,Packets (4g - 1kg),169281.46,695.85
2015-02,Green,Bags,79353.0,1981.36
2015-02,2015-02,Bulk,60.0,1556.15
2015-02,2015-02,Packets (4g - 1kg),77326.9,1067.19
2015-02,2015-02,RTD ( Liters ),1042752.32,85.78
2015-03,Black,Bags,342106.13,923.86
2015-03,2015-03,Bulk,59082.2,478.03
2015-03,2015-03,Packets (4g - 1kg),189695.75,677.03
2015-03,2015-03,Packets (1kg - 3kg),2.71,380.07
2015-03,2015-03,Packets (5kg - 10kg),1194.0,432.11
2015-03,Green,Bags,90646.45,1850.51
2015-03,2015-03,Bulk,7316.0,548.25
2015-03,2015-03,Packets (4g - 1kg),101696.04,969.73
2015-03,2015-03,Packets (1kg - 3kg),18.0,2206.61
2015-03,2015-03,Packets (3kg - 5kg),140.0,3369.09
2015-03,2015-03,Packets (5kg - 10kg),20.0,1031.8
2015-03,2015-03,RTD ( Liters ),967505.04,93.71
2015-04,Black,Bags,155106.64,1085.81
2015-04,2015-04,Bulk,35137.0,606.91
2015-04,2015-04,Packets (4g - 1kg),213796.17,610.34
2015-04,2015-04,Packets (5kg - 10kg),640.0,373.22
2015-04,Green,Bags,53574.47,2283.25
2015-04,2015-04,Packets (4g - 1kg),37032.83,1088.9
2015-04,2015-04,RTD ( Liters ),1083758.8,93.29
2015-05,Black,Bags,259016.99,960.25
2015-05,2015-05,Bulk,86415.0,485.34
2015-05,2015-05,Packets (4g - 1kg),189717.56,727.89
2015-05,2015-05,Packets (5kg - 10kg),40.0,26439.13
2015-05,Green,Bags,103434.96,2004.83
2015-05,2015-05,Bulk,16235.0,452.47
2015-05,2015-05,Packets (4g - 1kg),76048.16,1147.01
2015-05,Instant,Packets (>3kg),7.0,869.71
2015-05,RTD,RTD ( Liters ),1184258.0,91.24
2015-06,Black,Bags,240992.67,1017.24
2015-06,2015-06,Bulk,95504.25,516.77
2015-06,2015-06,Packets (4g - 1kg),177457.56,702.2
2015-06,2015-06,Packets (5kg - 10kg),7660.0,484.88
2015-06,Green,Bags,95107.5,2032.19
2015-06,2015-06,Packets (4g - 1kg),46022.8,1475.49
2015-06,2015-06,Packets (5kg - 10kg),40.0,256.43
2015-06,Instant,Packets (4g - 1kg),1165.92,1682.88
2015-06,RTD,RTD ( Liters ),1351477.0,89.4
2015-07,Black,Bags,241909.63,934.57
2015-07,2015-07,Bulk,65368.0,445.84
2015-07,2015-07,Packets (4g - 1kg),204425.15,678.15
2015-07,2015-07,Packets (5kg - 10kg),940.0,361.58
2015-07,Green,Bags,119783.65,1855.17
2015-07,2015-07,Bulk,27687.0,446.15
2015-07,2015-07,Packets (1kg - 3kg),600.0,624.97
2015-07,2015-07,Packets (4g - 1kg),86514.05,1081.59
2015-07,2015-07,RTD ( Liters ),1161798.87,88.27
2015-08,Black,Bags,157096.2,897.67
2015-08,2015-08,Bulk,68098.0,510.93
2015-08,2015-08,Packets (4g - 1kg),89598.54,632.55
2015-08,Green,Bags,103520.7,1674.3
2015-08,2015-08,Bulk,1580.0,818.62
2015-08,2015-08,Packets (1kg - 3kg),250.0,1078.98
2015-08,2015-08,Packets (4g - 1kg),84128.88,790.9
2015-08,2015-08,RTD ( Liters ),1353738.6,73.26
2015-09,Black,Bags,193271.94,945.28
2015-09,2015-09,Bulk,86250.2,367.35
2015-09,2015-09,Packets (4g - 1kg),190060.01,601.11
2015-09,2015-09,Packets (1kg - 3kg),63000.0,381.83
2015-09,2015-09,Packets (5kg - 10kg),50.4,2155.24
2015-09,Green,Bags,116778.38,1972.71
2015-09,2015-09,Bulk,668.68,671.31
2015-09,2015-09,Packets (4g - 1kg),49951.35,1189.81
2015-09,2015-09,Packets (5kg - 10kg),300.0,708.82
2015-09,RTD,RTD ( Liters ),1107731.6,91.6
2015-10,Black,Bags,292710.45,948.22
2015-10,2015-10,Bulk,94701.0,561.41
2015-10,2015-10,Packets (4g - 1kg),166415.4,683.58
2015-10,2015-10,Packets (5kg - 10kg),1030.0,367.39
2015-10,Green,Bags,123955.84,1726.76
2015-10,2015-10,Packets (4g - 1kg),70400.46,1241.1
2015-10,2015-10,Packets (1kg - 3kg),2016.0,659.85
2015-10,2015-10,Packets (5kg - 10kg),190.0,886.29
2015-10,Instant,Bags,93.7,349.28
2015-10,RTD,RTD ( Liters ),2102570.63,89.11
2015-11,Black,Bags,235972.07,1001.18
2015-11,2015-11,Bulk,79035.0,437.2
2015-11,2015-11,Packets (4g - 1kg),122822.88,741.0
2015-11,2015-11,Packets (5kg - 10kg),50.0,3789.42
2015-11,Green,Bags,111378.08,1929.39
2015-11,2015-11,Bulk,22606.0,434.76
2015-11,2015-11,Packets (4g - 1kg),37285.53,1167.58
2015-11,Instant,Packets (>3kg),5.0,574.6
2015-11,2015-11,Packets (4g - 1kg),7796.1,913.02
2015-11,RTD,RTD ( Liters ),1913715.48,89.89
2015-12,Black,Bags,387860.84,907.39
2015-12,2015-12,Bulk,70701.0,420.46
2015-12,2015-12,Packets (4g - 1kg),154072.2,694.76
2015-12,2015-12,Packets (3kg - 5kg),9.0,245.67
2015-12,2015-12,Packets (5kg - 10kg),1540.0,447.4
2015-12,Green,Bags,81887.44,1926.53
2015-12,2015-12,Bulk,3480.0,609.49
2015-12,2015-12,Packets (4g - 1kg),59102.13,1137.09
2015-12,2015-12,Packets (1kg - 3kg),1110.0,647.24
2015-12,2015-12,Packets (3kg - 5kg),5.0,1491.8
2015-12,2015-12,RTD ( Liters ),3706673.1,92.65
2016-01,Black,Bags,245247.11,986.14
2016-01,2016-01,Bulk,7341.8,555.41
2016-01,2016-01,Packets (4g - 1kg),280615.8,628.63
2016-01,2016-01,Packets (5kg - 10kg),1640.0,741.67
2016-01,Green,Bags,79164.82,1936.11
2016-01,2016-01,Bulk,1490.0,610.61
2016-01,2016-01,Packets (4g - 1kg),36518.67,1108.61
2016-01,RTD,RTD ( Liters ),2550037.55,95.45
2016-02,Black,Bags,273899.27,2026.14
2016-02,2016-02,Bulk,49210.0,533.0
2016-02,2016-02,Packets (4g - 1kg),144305.66,698.99
2016-02,2016-02,Packets (3kg - 5kg),58.5,3285.26
2016-02,2016-02,Packets (5kg - 10kg),6900.0,1004.56
2016-02,Green,Bags,86470.77,1950.26
2016-02,2016-02,Bulk,1667.0,481.63
2016-02,2016-02,Packets (4g - 1kg),56090.52,1212.8
2016-02,2016-02,Packets (1kg - 3kg),250.0,1163.23
2016-02,2016-02,Packets (5kg - 10kg),200.0,1063.54
2016-02,RTD,RTD ( Liters ),2573654.6,92.96
2016-03,Black,Bags,421011.28,1686.5
2016-03,2016-03,Bulk,99902.0,363.74
2016-03,2016-03,Packets (4g - 1kg),92382.39,749.84
2016-03,2016-03,Packets (1kg - 3kg),47.51,429.28
2016-03,2016-03,Packets (3kg - 5kg),76.9,1676.53
2016-03,2016-03,Packets (5kg - 10kg),19360.0,753.02
2016-03,Green,Bags,97150.88,2136.62
2016-03,2016-03,Bulk,18730.0,550.01
2016-03,2016-03,Packets (1kg - 3kg),100.0,978.82
2016-03,2016-03,Packets (3kg - 5kg),10.0,1424.0
2016-03,2016-03,Packets (4g - 1kg),59309.44,1058.46
2016-03,Instant,Packets (4g - 1kg),504.0,2001.7
2016-03,2016-03,RTD ( Liters ),3098636.1,100.56
2016-04,Black,Bags,211820.21,927.08
2016-04,2016-04,Bulk,26189.0,362.36
2016-04,2016-04,Packets (4g - 1kg),135251.35,677.58
2016-04,2016-04,Packets (3kg - 5kg),6728.0,349.02
2016-04,2016-04,Packets (5kg - 10kg),19.5,4305.9
2016-04,Green,Bags,62053.58,2123.44
2016-04,2016-04,Bulk,280.0,419.6
2016-04,2016-04,Packets (4g - 1kg),43195.44,1192.08
2016-04,2016-04,Packets (1kg - 3kg),3000.0,374.59
2016-04,2016-04,Packets (3kg - 5kg),132.0,534.64
2016-04,RTD,RTD ( Liters ),1417067.36,94.79
2016-05,Black,Bags,221312.76,910.64
2016-05,2016-05,Bulk,18806.0,787.27
2016-05,2016-05,Packets (4g - 1kg),125000.95,644.29
2016-05,2016-05,Packets (3kg - 5kg),11000.0,578.21
2016-05,2016-05,Packets (5kg - 10kg),2391.0,1290.77
2016-05,Green,Bags,63126.4,2344.05
2016-05,2016-05,Bulk,2610.0,736.53
2016-05,2016-05,Packets (4g - 1kg),42980.92,1028.59
2016-05,2016-05,Packets (5kg - 10kg),80.0,3698.75
2016-05,RTD,RTD ( Liters ),1554577.4,97.82
2016-06,Black,Bags,237830.26,957.52
2016-06,2016-06,Bulk,69871.38,419.99
2016-06,2016-06,Packets (4g - 1kg),136801.19,630.8
2016-06,2016-06,Packets (3kg - 5kg),20.0,16175.45
2016-06,2016-06,Packets (5kg - 10kg),15427.0,607.39
2016-06,Green,Bags,106147.52,2069.46
2016-06,2016-06,Bulk,16457.0,567.37
2016-06,2016-06,Packets (4g - 1kg),47864.7,1113.01
2016-06,2016-06,Packets (1kg - 3kg),160.0,990.45
2016-06,2016-06,Packets (5kg - 10kg),5.0,613.4
2016-06,Instant,Packets (>3kg),20.0,297.65
2016-06,2016-06,RTD ( Liters ),1091194.9,104.25
2016-07,Black,Bags,259002.3,969.14
2016-07,2016-07,Bulk,73659.0,480.22
2016-07,2016-07,Packets (4g - 1kg),148097.46,715.29
2016-07,2016-07,Packets (5kg - 10kg),81.0,4184.28
2016-07,Green,Bags,99515.72,2019.81
2016-07,2016-07,Bulk,6840.0,626.91
2016-07,2016-07,Packets (4g - 1kg),60604.49,1207.27
2016-07,2016-07,Packets (1kg - 3kg),859.11,1006.67
2016-07,2016-07,RTD ( Liters ),839687.8,104.92
2016-08,Black,Bags,258694.21,1004.34
2016-08,2016-08,Bulk,68494.0,397.89
2016-08,2016-08,Packets (4g - 1kg),136844.59,719.87
2016-08,2016-08,Packets (3kg - 5kg),4000.0,347.06
2016-08,Green,Bags,100543.26,2202.6
2016-08,2016-08,Bulk,3995.0,420.42
2016-08,2016-08,Packets (4g - 1kg),41793.56,1006.02
2016-08,2016-08,Packets (5kg - 10kg),44.0,365.66
2016-08,RTD,RTD ( Liters ),1224605.35,104.81
2016-09,Black,Bags,287137.16,1004.38
2016-09,2016-09,Bulk,87722.0,468.77
2016-09,2016-09,Packets (4g - 1kg),234847.51,641.99
2016-09,2016-09,Packets (5kg - 10kg),1042.0,473.33
2016-09,Green,Bags,77749.36,2297.17
2016-09,2016-09,Bulk,2905.0,566.8
2016-09,2016-09,Packets (4g - 1kg),47961.5,1304.68
2016-09,2016-09,Packets (1kg - 3kg),600.0,658.33
2016-09,2016-09,Packets (3kg - 5kg),5.0,817.6
2016-09,2016-09,Packets (5kg - 10kg),20.0,739.05
2016-09,Instant,Packets (4g - 1kg),554.4,2016.62
2016-09,RTD,RTD ( Liters ),1376820.4,100.08
2016-10,Black,Bags,304153.57,988.51
2016-10,2016-10,Bulk,33823.0,858.7
2016-10,2016-10,Packets (4g - 1kg),97240.04,694.57
2016-10,2016-10,Packets (5kg - 10kg),6900.0,1018.13
2016-10,Green,Bags,86113.96,2111.75
2016-10,2016-10,Bulk,3988.0,544.81
2016-10,2016-10,Packets (4g - 1kg),64331.5,1232.1
2016-10,RTD,RTD ( Liters ),1284850.8,98.99
2016-11,Black,Bags,329029.84,975.46
2016-11,2016-11,Bulk,95686.0,318.47
2016-11,2016-11,Packets (4g - 1kg),135088.65,737.45
2016-11,Green,Bags,96953.55,2177.18
2016-11,2016-11,Bulk,2768.0,667.29
2016-11,2016-11,Packets (1kg - 3kg),144.0,745.85
2016-11,2016-11,Packets (3kg - 5kg),100.0,977.17
2016-11,2016-11,Packets (4g - 1kg),74039.23,1059.25
2016-11,Instant,Packets (>3kg),4.03,3100.5
2016-11,RTD,RTD ( Liters ),1534649.1,104.67
2016-12,Black,Bags,339043.52,988.0
2016-12,2016-12,Bulk,179410.64,474.46
2016-12,2016-12,Packets (4g - 1kg),172478.54,683.42
2016-12,2016-12,Packets (5kg - 10kg),185.0,1326.91
2016-12,Green,Bags,100664.59,1940.86
2016-12,2016-12,Bulk,19729.0,378.17
2016-12,2016-12,Packets (1kg - 3kg),600.0,581.34
2016-12,2016-12,Packets (4g - 1kg),64080.03,1039.62
2016-12,RTD,RTD ( Liters ),1265846.28,117.27
2017-01,Black,Bags,265948.17,1041.59
2017-01,2017-01,Bulk,79029.0,578.19
2017-01,2017-01,Packets (4g - 1kg),113538.51,773.44
2017-01,2017-01,Packets (5kg - 10kg),930.0,1968.44
2017-01,Green,Bags,71461.0,2181.01
2017-01,2017-01,Bulk,3069.0,673.21
2017-01,2017-01,Packets (4g - 1kg),76666.79,882.44
2017-01,2017-01,Packets (5kg - 10kg),2684.0,798.71
2017-01,RTD,RTD ( Liters ),1493176.73,102.84
2017-02,Black,Bags,244594.39,1049.49
2017-02,2017-02,Bulk,124801.0,492.85
2017-02,2017-02,Packets (4g - 1kg),138620.94,751.09
2017-02,2017-02,Packets (3kg - 5kg),15196.0,727.29
2017-02,2017-02,Packets (5kg - 10kg),7060.0,1106.66
2017-02,Green,Bags,64689.41,2632.62
2017-02,2017-02,Bulk,1247.0,946.73
2017-02,2017-02,Packets (4g - 1kg),23674.49,1264.57
2017-02,2017-02,Packets (3kg - 5kg),7909.6,431.6
2017-02,2017-02,Packets (5kg - 10kg),210.0,1467.01
2017-02,RTD,RTD ( Liters ),1419388.18,105.71
2017-03,Black,Bags,384381.08,1016.95
2017-03,2017-03,Bulk,288190.4,628.07
2017-03,2017-03,Packets (4g - 1kg),107233.47,777.99
2017-03,2017-03,Packets (3kg - 5kg),12474.0,781.42
2017-03,Green,Bags,135639.07,2168.03
2017-03,2017-03,Bulk,52514.0,725.11
2017-03,2017-03,Packets (4g - 1kg),71689.35,1199.63
2017-03,2017-03,Packets (1kg - 3kg),50.0,1208.86
2017-03,2017-03,Packets (3kg - 5kg),4.5,231.33
2017-03,2017-03,Packets (5kg - 10kg),80.0,3368.53
2017-03,2017-03,RTD ( Liters ),2805376.94,105.72
2017-04,Black,Bags,340009.85,980.88
2017-04,2017-04,Bulk,52526.0,607.59
2017-04,2017-04,Packets (4g - 1kg),121817.88,820.26
2017-04,2017-04,Packets (1kg - 3kg),7509.0,794.12
2017-04,2017-04,Packets (3kg - 5kg),29938.0,668.98
2017-04,2017-04,Packets (5kg - 10kg),7269.2,1043.28
2017-04,Green,Bags,69834.3,2629.25
2017-04,2017-04,Bulk,6.7,573.88
2017-04,2017-04,Packets (4g - 1kg),79139.69,1222.42
2017-04,2017-04,Packets (1kg - 3kg),630.0,671.22
2017-04,2017-04,Packets (3kg - 5kg),60.0,1000.0
2017-04,2017-04,Packets (5kg - 10kg),31.84,4522.9
2017-04,RTD,RTD ( Liters ),1922770.78,104.2
2017-05,Black,Bags,299736.03,1028.68
2017-05,2017-05,Bulk,325393.0,572.19
2017-05,2017-05,Packets (4g - 1kg),189406.85,780.85
2017-05,2017-05,Packets (1kg - 3kg),14298.0,762.72
2017-05,2017-05,Packets (3kg - 5kg),22426.0,714.92
2017-05,2017-05,Packets (5kg - 10kg),36900.0,564.22
2017-05,Green,Bags,71983.28,2448.27
2017-05,2017-05,Bulk,3872.0,580.16
2017-05,2017-05,Packets (4g - 1kg),44458.07,940.04
2017-05,2017-05,Packets (5kg - 10kg),10.0,678.6
2017-05,Instant,Packets (>3kg),15.56,11654.43
2017-05,RTD,RTD ( Liters ),1635079.4,102.78
2017-06,Black,Bags,281950.81,1149.28
2017-06,2017-06,Bulk,188332.0,543.5
2017-06,2017-06,Packets (4g - 1kg),167302.52,809.94
2017-06,2017-06,Packets (1kg - 3kg),7439.0,745.13
2017-06,2017-06,Packets (3kg - 5kg),6804.0,654.26
2017-06,2017-06,Packets (5kg - 10kg),10250.0,679.45
2017-06,Green,Bags,70410.06,2824.21
2017-06,2017-06,Bulk,3050.0,499.49
2017-06,2017-06,Packets (4g - 1kg),39605.2,1385.84
2017-06,2017-06,Packets (5kg - 10kg),520.0,1777.44
2017-06,RTD,RTD ( Liters ),950003.0,102.7
2017-07,Black,Bags,415769.69,967.98
2017-07,2017-07,Bulk,174234.0,647.05
2017-07,2017-07,Packets (4g - 1kg),177591.19,752.83
2017-07,2017-07,Packets (1kg - 3kg),1361.0,697.9
2017-07,2017-07,Packets (5kg - 10kg),15620.0,1151.37
2017-07,Green,Bags,118032.95,2100.08
2017-07,2017-07,Bulk,17837.0,501.96
2017-07,2017-07,Packets (4g - 1kg),62468.85,1111.0
2017-07,2017-07,Packets (5kg - 10kg),10.0,1558.3
2017-07,Instant,Packets (>3kg),20.0,1476.9
2017-07,RTD,RTD ( Liters ),961455.74,106.94
2017-08,Black,Bags,381641.45,1103.79
2017-08,2017-08,Bulk,195301.5,569.13
2017-08,2017-08,Packets (4g - 1kg),157920.26,820.93
2017-08,2017-08,Packets (1kg - 3kg),40217.68,721.08
2017-08,2017-08,Packets (5kg - 10kg),600.0,944.29
2017-08,Green,Bags,93979.15,2599.96
2017-08,2017-08,Bulk,4933.6,444.5
2017-08,2017-08,Packets (4g - 1kg),171314.89,1059.2
2017-08,2017-08,Packets (1kg - 3kg),4052.0,714.95
2017-08,2017-08,Packets (5kg - 10kg),130.0,1239.67
2017-08,Instant,Packets (>3kg),59.0,466.95
2017-08,RTD,RTD ( Liters ),626264.8,106.37
2017-09,Black,Bags,305104.81,1086.12
2017-09,2017-09,Bulk,275435.0,617.22
2017-09,2017-09,Packets (4g - 1kg),128197.39,807.87
2017-09,2017-09,Packets (1kg - 3kg),4662.74,662.69
2017-09,2017-09,Packets (5kg - 10kg),8409.0,1065.52
2017-09,Green,Bags,69401.17,2405.24
2017-09,2017-09,Bulk,2200.0,732.27
2017-09,2017-09,Packets (4g - 1kg),153282.01,917.9
2017-09,2017-09,Packets (1kg - 3kg),6.0,4951.67
2017-09,2017-09,Packets (5kg - 10kg),10.0,1646.5
2017-09,Instant,Packets (4g - 1kg),608.16,2117.1
2017-09,RTD,RTD ( Liters ),1277628.7,105.6
2017-10,Black,Bags,347253.77,1024.59
2017-10,2017-10,Bulk,217860.0,694.87
2017-10,2017-10,Packets (4g - 1kg),102494.7,862.25
2017-10,2017-10,Packets (3kg - 5kg),6804.0,667.74
2017-10,2017-10,Packets (5kg - 10kg),9809.0,415.22
2017-10,Green,Bags,100740.55,2219.87
2017-10,2017-10,Bulk,8460.0,563.1
2017-10,2017-10,Packets (4g - 1kg),80846.55,1099.95
2017-10,2017-10,Packets (5kg - 10kg),7520.0,988.69
2017-10,RTD,RTD ( Liters ),1032629.32,103.71
2017-11,Black,Bags,284820.93,1045.25
2017-11,2017-11,Bulk,86892.0,558.91
2017-11,2017-11,Packets (4g - 1kg),123557.74,821.08
2017-11,2017-11,Packets (1kg - 3kg),14647.75,791.13
2017-11,2017-11,Packets (3kg - 5kg),3402.0,668.01
2017-11,2017-11,Packets (5kg - 10kg),14100.0,1069.39
2017-11,Green,Bags,83049.03,2563.83
2017-11,2017-11,Bulk,26060.0,524.7
2017-11,2017-11,Packets (4g - 1kg),455205.16,824.71
2017-11,2017-11,Packets (1kg - 3kg),3193.0,497.14
2017-11,2017-11,Packets (5kg - 10kg),5700.0,991.66
2017-11,RTD,RTD ( Liters ),237127.5,114.46
2017-12,Black,Bags,342797.7,1031.71
2017-12,2017-12,Bulk,187112.0,513.49
2017-12,2017-12,Packets (4g - 1kg),202881.37,784.34
2017-12,2017-12,Packets (1kg - 3kg),6804.0,779.73
2017-12,2017-12,Packets (5kg - 10kg),41880.0,568.1
2017-12,Green,Bags,108732.85,2167.52
2017-12,2017-12,Bulk,35114.0,683.74
2017-12,2017-12,Packets (4g - 1kg),113522.41,952.94
2017-12,2017-12,Packets (5kg - 10kg),2.0,3024.0
2017-12,Instant,Packets (4g - 1kg),924.0,2121.5
2017-12,RTD,RTD ( Liters ),17148.0,113.42
2018-01,Black,Bags,305218.87,955.13
2018-01,2018-01,Bulk,98914.75,558.16
2018-01,2018-01,Packets (1kg - 3kg),6806.56,661.98
2018-01,2018-01,Packets (4g - 1kg),93682.33,831.95
2018-01,2018-01,Packets (5kg - 10kg),7000.0,1301.25
2018-01,Green,Bags,89489.8,2253.51
2018-01,2018-01,Bulk,5120.6,607.73
2018-01,2018-01,Packets (4g - 1kg),42127.33,1214.99
2018-01,2018-01,Packets (3kg - 5kg),24.0,4654.58
2018-01,2018-01,Packets (5kg - 10kg),3000.0,989.88
2018-02,Black,Bags,309066.31,1068.39
2018-02,2018-02,Bulk,259222.0,541.56
2018-02,2018-02,Packets (4g - 1kg),125017.68,835.44
2018-02,2018-02,Packets (1kg - 3kg),2748.0,705.13
2018-02,2018-02,Packets (5kg - 10kg),3020.0,1674.6
2018-02,Green,Bags,99809.71,2359.48
2018-02,2018-02,Bulk,32082.0,594.15
2018-02,2018-02,Packets (4g - 1kg),39043.23,1197.14
2018-02,2018-02,Packets (5kg - 10kg),30.0,1093.3
2018-02,Instant,Packets (>3kg),120.0,1836.76
2018-02,2018-02,Packets (4g - 1kg),21.4,161.07
2018-03,Black,Bags,448226.82,1004.35
2018-03,2018-03,Bulk,204022.0,606.5
2018-03,2018-03,Packets (4g - 1kg),140123.05,722.94
2018-03,2018-03,Packets (1kg - 3kg),7439.0,757.74
2018-03,2018-03,Packets (5kg - 10kg),28100.0,556.4
2018-03,Green,Bags,90764.84,2349.5
2018-03,2018-03,Bulk,18272.0,608.73
2018-03,2018-03,Packets (4g - 1kg),51202.75,1214.65
2018-03,2018-03,Packets (5kg - 10kg),2300.0,1193.65
2018-03,Instant,Packets (>3kg),247.5,680.95
2018-03,2018-03,Packets (4g - 1kg),756.0,2158.74
2018-04,Black,Bags,306576.02,960.74
2018-04,2018-04,Bulk,291103.0,599.27
2018-04,2018-04,Packets (4g - 1kg),144040.72,860.42
2018-04,2018-04,Packets (3kg - 5kg),20800.0,513.12
2018-04,2018-04,Packets (5kg - 10kg),3240.0,1342.83
2018-04,Green,Bags,60042.26,2680.22
2018-04,2018-04,Bulk,13271.0,408.95
2018-04,2018-04,Packets (4g - 1kg),44944.19,1243.58
2018-04,2018-04,Packets (1kg - 3kg),50.0,1269.56
2018-04,2018-04,Packets (5kg - 10kg),5700.0,1008.44
2018-05,Black,Bags,434852.64,1010.81
2018-05,2018-05,Bulk,193800.6,631.94
2018-05,2018-05,Packets (4g - 1kg),76635.2,936.18
2018-05,2018-05,Packets (5kg - 10kg),6300.0,1095.96
2018-05,Green,Bags,95291.19,2680.79
2018-05,2018-05,Bulk,30904.0,537.48
2018-05,2018-05,Packets (4g - 1kg),56737.72,1347.61
2018-05,2018-05,Packets (3kg - 5kg),8250.0,441.12
2018-05,2018-05,Packets (5kg - 10kg),1200.0,1016.31
2018-06,Black,Bags,374272.99,1015.29
2018-06,2018-06,Bulk,90567.6,637.96
2018-06,2018-06,Packets (4g - 1kg),141692.45,944.29
2018-06,2018-06,Packets (1kg - 3kg),8898.4,612.01
2018-06,2018-06,Packets (3kg - 5kg),750.0,473.48
2018-06,2018-06,Packets (5kg - 10kg),6000.0,1655.51
2018-06,Green,Bags,109435.49,2409.08
2018-06,2018-06,Bulk,9914.0,612.38
2018-06,2018-06,Packets (4g - 1kg),48294.3,1279.53
2018-06,2018-06,Packets (3kg - 5kg),6875.0,1501.53
2018-07,Black,Bags,351374.23,1091.61
2018-07,2018-07,Bulk,312423.4,557.02
2018-07,2018-07,Packets (4g - 1kg),223160.65,781.93
2018-07,2018-07,Packets (3kg - 5kg),3500.0,1312.95
2018-07,2018-07,Packets (5kg - 10kg),30940.0,721.91
2018-07,Green,Bags,110182.63,2467.14
2018-07,2018-07,Bulk,29576.0,578.11
2018-07,2018-07,Packets (4g - 1kg),90626.81,1460.19
2018-07,2018-07,Packets (5kg - 10kg),2100.0,1019.31
2018-08,Black,Bags,401704.08,1103.22
2018-08,2018-08,Bulk,126481.4,624.48
2018-08,2018-08,Packets (4g - 1kg),84694.53,875.42
2018-08,2018-08,Packets (5kg - 10kg),2910.0,1421.78
2018-08,Green,Bags,104262.32,2583.79
2018-08,2018-08,Packets (4g - 1kg),213232.24,687.74
2018-08,2018-08,Packets (5kg - 10kg),6300.0,1027.02
2018-08,Instant,Packets (>3kg),60.0,1301.22
2018-09,Black,Bags,356333.28,1109.68
2018-09,2018-09,Bulk,154315.8,479.16
2018-09,2018-09,Packets (4g - 1kg),100858.96,960.38
2018-09,2018-09,Packets (5kg - 10kg),5200.0,1429.72
2018-09,Green,Bags,100516.79,2575.13
2018-09,2018-09,Bulk,28865.0,567.04
2018-09,2018-09,Packets (1kg - 3kg),115.8,1466.41
2018-09,2018-09,Packets (4g - 1kg),55730.65,1498.84
2018-09,2018-09,Packets (5kg - 10kg),5700.0,1034.3
2018-09,Instant,Packets (>3kg),24.0,2203.96
2018-10,Black,Bags,348140.04,1150.97
2018-10,2018-10,Bulk,148141.0,534.75
2018-10,2018-10,Packets (4g - 1kg),178038.83,876.01
2018-10,2018-10,Packets (3kg - 5kg),52965.0,959.59
2018-10,2018-10,Packets (5kg - 10kg),9110.0,1408.61
2018-10,Green,Bags,97823.3,2897.52
2018-10,2018-10,Bulk,28273.65,593.62
2018-10,2018-10,Packets (4g - 1kg),65199.49,1248.11
2018-10,2018-10,Packets (5kg - 10kg),3810.0,1095.27
2018-11,Black,Bags,369734.66,1186.44
2018-11,2018-11,Bulk,74807.0,500.6
2018-11,2018-11,Packets (4g - 1kg),104881.45,878.78
2018-11,2018-11,Packets (3kg - 5kg),45500.0,529.65
2018-11,2018-11,Packets (5kg - 10kg),2000.0,1767.67
2018-11,Green,Bags,94020.39,2750.64
2018-11,2018-11,Bulk,4912.0,479.02
2018-11,2018-11,Packets (4g - 1kg),41932.88,1356.15
2018-11,2018-11,Packets (1kg - 3kg),70.0,1410.93
2018-11,2018-11,Packets (3kg - 5kg),1750.0,1149.14
2018-11,2018-11,Packets (5kg - 10kg),10.0,1756.5
2018-12,Black,Bags,294083.33,1145.4
2018-12,2018-12,Bulk,202969.5,634.52
2018-12,2018-12,Packets (4g - 1kg),128112.55,965.69
2018-12,2018-12,Packets (1kg - 3kg),8.0,6410.5
2018-12,2018-12,Packets (3kg - 5kg),64525.0,895.31
2018-12,2018-12,Packets (5kg - 10kg),20125.0,632.31
2018-12,Green,Bags,94417.48,2672.59
2018-12,2018-12,Bulk,54890.0,606.05
2018-12,2018-12,Packets (4g - 1kg),51232.76,1567.5
2018-12,2018-12,Packets (3kg - 5kg),19.2,566.77
2019-01,Black,Bags,384266.02,1218.77
2019-01,2019-01,Bulk,266978.4,606.3
2019-01,2019-01,Packets (4g - 1kg),164495.5,911.38
2019-01,2019-01,Packets (3kg - 5kg),14410.88,2706.98
2019-01,2019-01,Packets (5kg - 10kg),8870.0,1516.14
2019-01,Green,Bags,84442.82,2835.53
2019-01,2019-01,Bulk,27854.0,605.94
2019-01,2019-01,Packets (4g - 1kg),39885.34,1465.13
2019-01,2019-01,Packets (3kg - 5kg),2526.4,1405.22
2019-01,2019-01,Packets (5kg - 10kg),2860.0,1172.2
2019-02,Black,Bags,383165.7,1168.46
2019-02,2019-02,Bulk,192586.4,654.53
2019-02,2019-02,Packets (4g - 1kg),176906.59,877.6
2019-02,2019-02,Packets (5kg - 10kg),5510.0,1795.73
2019-02,Green,Bags,79467.46,2965.19
2019-02,2019-02,Bulk,27654.0,635.25
2019-02,2019-02,Packets (4g - 1kg),72817.96,1299.05
2019-02,2019-02,Packets (3kg - 5kg),16.8,4699.52
2019-02,2019-02,Packets (5kg - 10kg),10.0,1925.4
2019-02,RTD,RTD ( Liters ),107136.0,125.6
2019-03,Black,Bags,544106.81,1148.98
2019-03,2019-03,Bulk,147699.4,716.54
2019-03,2019-03,Packets (4g - 1kg),81032.34,1065.57
2019-03,2019-03,Packets (3kg - 5kg),3990.0,2680.31
2019-03,2019-03,Packets (5kg - 10kg),17810.0,1425.5
2019-03,Green,Bags,102182.27,3432.21
2019-03,2019-03,Bulk,39652.0,599.41
2019-03,2019-03,Packets (4g - 1kg),137919.79,1224.24
2019-03,2019-03,Packets (5kg - 10kg),4386.0,1129.83
2019-04,Black,Bags,308695.38,1066.99
2019-04,2019-04,Bulk,46207.2,638.21
2019-04,2019-04,Packets (4g - 1kg),91300.11,1006.5
2019-04,2019-04,Packets (1kg - 3kg),61.2,8969.72
2019-04,2019-04,Packets (3kg - 5kg),20200.0,1584.96
2019-04,2019-04,Packets (5kg - 10kg),3670.0,1818.42
2019-04,Green,Bags,85322.3,2709.34
2019-04,2019-04,Bulk,3334.0,832.55
2019-04,2019-04,Packets (4g - 1kg),53287.19,1589.39
2019-04,2019-04,Packets (1kg - 3kg),30.0,1318.3
2019-04,2019-04,Packets (5kg - 10kg),870.0,2529.09
2019-04,Instant,Bags,163.0,1357.76
2019-04,2019-04,Packets (>3kg),3356.14,1390.93
2019-05,Black,Bags,386754.73,1200.74
2019-05,2019-05,Bulk,93646.0,613.33
2019-05,2019-05,Packets (4g - 1kg),112401.15,917.84
2019-05,2019-05,Packets (1kg - 3kg),24.0,1867.17
2019-05,2019-05,Packets (5kg - 10kg),6320.0,1360.89
2019-05,Green,Bags,119916.51,2673.07
2019-05,2019-05,Bulk,60746.0,510.64
2019-05,2019-05,Packets (4g - 1kg),98847.68,1389.79
2019-05,2019-05,Packets (1kg - 3kg),103.5,8196.0
2019-05,2019-05,Packets (5kg - 10kg),2850.0,1140.29
2019-05,Instant,Packets (>3kg),1354.79,1555.25
2019-06,Black,Bags,390417.56,1204.67
2019-06,2019-06,Bulk,61791.72,792.35
2019-06,2019-06,Packets (4g - 1kg),111371.14,1010.9
2019-06,2019-06,Packets (3kg - 5kg),19334.0,2624.62
2019-06,2019-06,Packets (5kg - 10kg),12454.46,1495.63
2019-06,Green,Bags,109130.76,2945.63
2019-06,2019-06,Bulk,21070.36,558.73
2019-06,2019-06,Packets (4g - 1kg),66875.82,1511.97
2019-06,2019-06,Packets (5kg - 10kg),3600.0,1133.38
2019-06,Instant,Packets (>3kg),6678.23,1250.14
2019-07,Black,Bags,297632.82,1246.9
2019-07,2019-07,Bulk,200273.0,549.37
2019-07,2019-07,Packets (4g - 1kg),92977.82,827.18
2019-07,2019-07,Packets (1kg - 3kg),708.0,1891.72
2019-07,2019-07,Packets (3kg - 5kg),1750.0,1233.59
2019-07,2019-07,Packets (5kg - 10kg),9120.0,1445.21
2019-07,Green,Bags,132815.71,2443.15
2019-07,2019-07,Bulk,57370.0,589.86
2019-07,2019-07,Packets (4g - 1kg),135737.41,841.08
2019-07,2019-07,Packets (1kg - 3kg),580.49,5590.69
2019-07,2019-07,Packets (5kg - 10kg),3050.0,1169.63
2019-07,Instant,Bags,210.0,1146.24
2019-07,2019-07,Packets (>3kg),1528.22,1903.25
2019-08,Black,Bags,275062.6,1311.47
2019-08,2019-08,Bulk,127276.6,614.95
2019-08,2019-08,Packets (4g - 1kg),174541.89,903.25
2019-08,2019-08,Packets (1kg - 3kg),3.0,11305.67
2019-08,2019-08,Packets (3kg - 5kg),5.0,1818.0
2019-08,2019-08,Packets (5kg - 10kg),4860.0,1638.74
2019-08,Green,Bags,112745.5,3053.3
2019-08,2019-08,Bulk,4467.0,688.32
2019-08,2019-08,Packets (4g - 1kg),49378.21,1405.76
2019-08,2019-08,Packets (1kg - 3kg),1062.0,799.34
2019-08,Instant,Bags,88.0,1522.74
2019-08,2019-08,Packets (>3kg),6218.92,1279.57
2019-09,Black,Bags,279323.12,1196.09
2019-09,2019-09,Bulk,183894.0,586.89
2019-09,2019-09,Packets (4g - 1kg),119548.54,972.79
2019-09,2019-09,Packets (1kg - 3kg),332.0,4716.39
2019-09,2019-09,Packets (3kg - 5kg),26880.0,2672.87
2019-09,Green,Bags,79791.03,3244.11
2019-09,2019-09,Bulk,34220.0,626.82
2019-09,2019-09,Packets (4g - 1kg),52409.37,1839.12
2019-09,2019-09,Packets (1kg - 3kg),734.22,6251.07
2019-09,2019-09,Packets (3kg - 5kg),1854.0,2104.44
2019-09,2019-09,Packets (5kg - 10kg),4.8,203902.08
2019-09,Instant,Packets (>3kg),3093.05,1261.68
2019-09,RTD,RTD ( Liters ),172260.0,92.56
2019-10,Black,Bags,294348.38,1249.51
2019-10,2019-10,Bulk,110596.0,653.15
2019-10,2019-10,Packets (4g - 1kg),105535.29,882.62
2019-10,2019-10,Packets (3kg - 5kg),100.0,798.42
2019-10,2019-10,Packets (5kg - 10kg),11500.0,1331.11
2019-10,Green,Bags,103097.53,3288.76
2019-10,2019-10,Bulk,33711.0,597.66
2019-10,2019-10,Packets (4g - 1kg),54249.53,1462.87
2019-10,2019-10,Packets (5kg - 10kg),4530.0,1166.27
2019-10,Instant,Packets (>3kg),8327.33,1159.81
2019-11,Black,Bags,235607.48,1341.99
2019-11,2019-11,Bulk,55761.8,753.66
2019-11,2019-11,Packets (4g - 1kg),178986.66,1011.19
2019-11,2019-11,Packets (5kg - 10kg),800.0,1682.88
2019-11,Green,Bags,102958.1,2921.35
2019-11,2019-11,Bulk,37380.0,620.24
2019-11,2019-11,Packets (4g - 1kg),51617.28,1863.27
2019-11,2019-11,Packets (1kg - 3kg),197.4,6726.39
2019-11,2019-11,Packets (5kg - 10kg),4.8,6861.88
2019-11,Instant,Packets (>3kg),50.44,1443.12
2019-12,Black,Bags,365817.61,1198.98
2019-12,2019-12,Bulk,27810.0,728.58
2019-12,2019-12,Packets (4g - 1kg),66293.3,906.95
2019-12,2019-12,Packets (5kg - 10kg),7240.0,1662.34
2019-12,Green,Bags,92024.19,3202.72
2019-12,2019-12,Bulk,2584.0,948.19
2019-12,2019-12,Packets (4g - 1kg),77328.32,1368.0
2019-12,2019-12,Packets (1kg - 3kg),766.0,4057.69
2019-12,2019-12,Packets (5kg - 10kg),2712.0,1181.24
2019-12,Instant,Bags,50.0,2154.24
2019-12,2019-12,Packets (>3kg),5105.27,1262.15
2020-01,Black,Bags,337126.56,1195.91
2020-01,2020-01,Bulk,95911.0,627.34
2020-01,2020-01,Packets (4g - 1kg),122991.56,812.63
2020-01,2020-01,Packets (1kg - 3kg),79.8,8285.14
2020-01,2020-01,Packets (3kg - 5kg),34.6,217.17
2020-01,2020-01,Packets (5kg - 10kg),10650.0,1413.34
2020-01,Green,Bags,107500.18,3079.31
2020-01,2020-01,Bulk,100.0,1254.54
2020-01,2020-01,Packets (4g - 1kg),58560.66,1481.43
2020-01,2020-01,Packets (1kg - 3kg),1054.2,1545.97
2020-01,2020-01,Packets (5kg - 10kg),8670.0,1252.17
2020-01,Instant,Packets (>3kg),1998.76,965.2
2020-02,Black,Bags,368170.79,1162.88
2020-02,2020-02,Bulk,103933.0,706.01
2020-02,2020-02,Packets (4g - 1kg),157747.72,818.55
2020-02,2020-02,Packets (1kg - 3kg),0.52,1959.62
2020-02,2020-02,Packets (3kg - 5kg),24045.0,2684.21
2020-02,2020-02,Packets (5kg - 10kg),650.0,1662.59
2020-02,Green,Bags,104964.6,3294.93
2020-02,2020-02,Bulk,25760.0,603.97
2020-02,2020-02,Packets (4g - 1kg),44064.56,1556.14
2020-02,2020-02,Packets (5kg - 10kg),2000.0,761.04
2020-02,Instant,Packets (>3kg),4079.78,1039.21
2020-03,Black,Bags,213464.8,1224.7
2020-03,2020-03,Bulk,24836.0,682.7
2020-03,2020-03,Packets (4g - 1kg),134718.88,876.03
2020-03,2020-03,Packets (3kg - 5kg),2700.0,3305.47
2020-03,2020-03,Packets (5kg - 10kg),54.0,3828.28
2020-03,Green,Bags,52718.72,3293.16
2020-03,2020-03,Bulk,1978.8,526.17
2020-03,2020-03,Packets (4g - 1kg),135879.45,866.53
2020-03,2020-03,Packets (1kg - 3kg),80.0,1279.48
2020-03,Instant,Packets (>3kg),2742.06,1374.97
2020-04,Black,Bags,192427.52,1092.1
2020-04,2020-04,Bulk,73303.0,788.67
2020-04,2020-04,Packets (4g - 1kg),74301.8,974.82
2020-04,2020-04,Packets (5kg - 10kg),10500.0,1379.26
2020-04,Green,Bags,26609.83,2827.86
2020-04,2020-04,Bulk,26480.0,610.34
2020-04,2020-04,Packets (4g - 1kg),24158.42,1469.7
2020-04,2020-04,Packets (1kg - 3kg),496.6,1852.1
2020-04,2020-04,Packets (5kg - 10kg),4500.0,1279.02
2020-04,Instant,Packets (>3kg),1917.7,1287.69
2020-05,Black,Bags,292752.71,1274.31
2020-05,2020-05,Bulk,70551.18,698.78
2020-05,2020-05,Packets (4g - 1kg),174946.48,972.29
2020-05,2020-05,Packets (5kg - 10kg),2300.0,1316.07
2020-05,Green,Bags,60332.49,2378.94
2020-05,2020-05,Bulk,46867.0,697.24
2020-05,2020-05,Packets (4g - 1kg),48376.46,1553.91
2020-05,2020-05,Packets (5kg - 10kg),5550.0,1216.82
2020-05,Instant,Packets (>3kg),351.46,1782.78
2020-06,Black,Bags,351315.08,1168.87
2020-06,2020-06,Bulk,145278.0,622.79
2020-06,2020-06,Packets (4g - 1kg),179620.7,975.92
2020-06,Green,Bags,95655.1,2473.15
2020-06,2020-06,Bulk,15290.0,1190.4
2020-06,2020-06,Packets (4g - 1kg),82242.5,1138.26
2020-06,Instant,Packets (>3kg),5946.43,1425.56
2020-07,Black,Bags,484379.25,1167.96
2020-07,2020-07,Bulk,167272.23,632.53
2020-07,2020-07,Packets (4g - 1kg),173882.1,935.67
2020-07,2020-07,Packets (3kg - 5kg),4510.0,2645.84
2020-07,2020-07,Packets (5kg - 10kg),3990.0,1356.39
2020-07,Green,Bags,132234.03,2573.74
2020-07,2020-07,Bulk,25800.32,579.42
2020-07,2020-07,Packets (4g - 1kg),155280.4,979.73
2020-07,2020-07,Packets (1kg - 3kg),1420.32,996.86
2020-07,2020-07,Packets (3kg - 5kg),50.0,526.66
2020-07,2020-07,Packets (5kg - 10kg),4350.0,1197.14
2020-07,Instant,Packets (>3kg),5593.49,1176.39
2020-08,Black,Bags,324449.06,1069.72
2020-08,2020-08,Bulk,120074.8,684.23
2020-08,2020-08,Packets (4g - 1kg),68300.24,1204.55
2020-08,2020-08,Packets (5kg - 10kg),750.0,1292.48
2020-08,Green,Bags,91968.88,2796.8
2020-08,2020-08,Bulk,2758.7,604.67
2020-08,2020-08,Packets (4g - 1kg),52364.08,1491.71
2020-08,2020-08,Packets (1kg - 3kg),660.0,946.19
2020-08,2020-08,Packets (5kg - 10kg),4820.0,1199.05
2020-08,Instant,Bags,158.0,1952.89
2020-08,2020-08,Packets (>3kg),2211.11,1092.1
2020-09,Black,Bags,332609.98,1067.93
2020-09,2020-09,Bulk,111895.0,785.32
2020-09,2020-09,Packets (3kg - 5kg),5.0,1572.4
2020-09,2020-09,Packets (4g - 1kg),68959.76,1075.44
2020-09,2020-09,Packets (5kg - 10kg),4200.0,1289.59
2020-09,Green,Bags,98876.04,3202.45
2020-09,2020-09,Bulk,404.4,1406.79
2020-09,2020-09,Packets (4g - 1kg),68482.53,1579.77
2020-09,2020-09,Packets (1kg - 3kg),0.62,661.29
2020-09,2020-09,Packets (5kg - 10kg),40.0,3099.93
2020-09,Instant,Packets (>3kg),10.8,3789.35
2020-10,Black,Bags,335562.35,1169.28
2020-10,2020-10,Bulk,134931.48,714.73
2020-10,2020-10,Packets (4g - 1kg),146754.39,963.57
2020-10,2020-10,Packets (3kg - 5kg),5.0,1260.2
2020-10,2020-10,Packets (5kg - 10kg),12690.0,1303.11
2020-10,Green,Bags,105442.33,2563.62
2020-10,2020-10,Bulk,59992.0,855.86
2020-10,2020-10,Packets (4g - 1kg),50713.76,1511.8
2020-10,2020-10,Packets (1kg - 3kg),2.0,3175.0
2020-10,2020-10,Packets (5kg - 10kg),415.8,384.08
2020-10,Instant,Packets (>3kg),2747.42,1606.18
2020-11,Black,Bags,347754.22,1184.59
2020-11,2020-11,Bulk,185814.0,600.93
2020-11,2020-11,Packets (4g - 1kg),157489.85,937.25
2020-11,2020-11,Packets (3kg - 5kg),14840.0,2717.14
2020-11,2020-11,Packets (5kg - 10kg),100.0,1639.81
2020-11,Green,Bags,87177.09,3101.24
2020-11,2020-11,Bulk,14059.0,1037.63
2020-11,2020-11,Packets (4g - 1kg),63880.84,1549.61
2020-11,2020-11,Packets (1kg - 3kg),70.0,1421.74
2020-11,Instant,Packets (>3kg),4779.44,1045.95
2020-12,Black,Bags,265299.86,1178.33
2020-12,2020-12,Bulk,55880.6,777.17
2020-12,2020-12,Packets (4g - 1kg),127106.14,999.81
2020-12,2020-12,Packets (3kg - 5kg),41.0,563.37
2020-12,2020-12,Packets (5kg - 10kg),8215.2,1306.83
2020-12,Green,Bags,94611.34,2749.45
2020-12,2020-12,Bulk,4714.1,1508.34
2020-12,2020-12,Packets (4g - 1kg),34247.15,1537.45
2020-12,2020-12,Packets (3kg - 5kg),3.3,399.39
2020-12,2020-12,Packets (5kg - 10kg),4660.06,1200.91
2020-12,Instant,Packets (>3kg),59.4,2672.05
2021-01,Black,Bags,359987.6,1165.67
2021-01,2021-01,Bulk,159537.6,791.38
2021-01,2021-01,Packets (4g - 1kg),80019.77,1147.33
2021-01,Green,Bags,88986.51,2984.28
2021-01,2021-01,Bulk,41185.0,682.85
2021-01,2021-01,Packets (4g - 1kg),34388.17,1321.43
2021-01,2021-01,Packets (5kg - 10kg),26.0,1343.92
2021-01,Instant,Packets (>3kg),439.38,1587.48
2021-02,Black,Bags,349108.52,1206.54
2021-02,2021-02,Bulk,99432.0,737.07
2021-02,2021-02,Packets (4g - 1kg),102877.95,1049.74
2021-02,2021-02,Packets (3kg - 5kg),17611.0,2830.35
2021-02,2021-02,Packets (5kg - 10kg),4190.0,1344.08
2021-02,Green,Bags,111412.9,2922.53
2021-02,2021-02,Bulk,20119.0,671.87
2021-02,2021-02,Packets (4g - 1kg),97777.46,1256.01
2021-02,2021-02,Packets (3kg - 5kg),2667.0,1418.85
2021-02,2021-02,Packets (5kg - 10kg),2320.0,1286.64
2021-02,Instant,Packets (>3kg),2072.75,1137.64
2021-03,Black,Bags,491708.1,1230.35
2021-03,2021-03,Bulk,104091.4,808.8
2021-03,2021-03,Packets (4g - 1kg),191473.69,1101.21
2021-03,2021-03,Packets (3kg - 5kg),155.0,2183.12
2021-03,2021-03,Packets (5kg - 10kg),130.0,1872.04
2021-03,Green,Bags,109110.63,2899.49
2021-03,2021-03,Bulk,24389.0,688.68
2021-03,2021-03,Packets (4g - 1kg),72704.71,1444.04
2021-03,2021-03,Packets (5kg - 10kg),1620.0,997.77
2021-03,Instant,Bags,1.2,491.67
2021-03,2021-03,Packets (>3kg),2303.4,1614.02
2021-04,Black,Bags,334619.7,1244.3
2021-04,2021-04,Bulk,66643.6,872.99
2021-04,2021-04,Packets (4g - 1kg),54488.2,1153.09
2021-04,2021-04,Packets (3kg - 5kg),500.0,846.8
2021-04,Green,Bags,85408.69,3153.61
2021-04,2021-04,Bulk,25841.29,552.94
2021-04,2021-04,Packets (4g - 1kg),29222.76,1486.54
2021-04,2021-04,Packets (1kg - 3kg),150.0,1733.59
2021-04,2021-04,Packets (5kg - 10kg),2.0,1964.5
2021-04,Instant,Packets (>3kg),1200.79,1667.0
2021-05,Black,Bags,396708.06,1362.52
2021-05,2021-05,Bulk,108622.77,998.99
2021-05,2021-05,Packets (4g - 1kg),104286.93,1176.3
2021-05,2021-05,Packets (5kg - 10kg),6300.0,1375.11
2021-05,Green,Bags,83194.43,3736.11
2021-05,2021-05,Bulk,62260.0,644.93
2021-05,2021-05,Packets (4g - 1kg),63406.46,1212.94
2021-05,2021-05,Packets (5kg - 10kg),1958.0,1281.34
2021-05,2021-05,Bags,80.0,1465.54
2021-05,Instant,Packets (>3kg),366.86,4836.42
2021-06,Black,Bags,470943.1,1252.58
2021-06,2021-06,Bulk,185702.2,720.79
2021-06,2021-06,Packets (4g - 1kg),149917.36,1126.22
2021-06,2021-06,Packets (5kg - 10kg),140.0,1903.49
2021-06,Green,Bags,70221.02,3581.13
2021-06,2021-06,Bulk,29769.8,673.73
2021-06,2021-06,Packets (4g - 1kg),36590.28,1741.54
2021-06,2021-06,Packets (5kg - 10kg),30.0,1416.17
2021-06,Instant,Packets (>3kg),5696.3,1677.23
2021-07,Black,Bags,381568.9,1256.34
2021-07,2021-07,Bulk,95692.8,711.03
2021-07,2021-07,Packets (4g - 1kg),74637.2,1342.76
2021-07,2021-07,Packets (5kg - 10kg),4050.0,1395.88
2021-07,Green,Bags,104517.92,3993.99
2021-07,2021-07,Bulk,43022.4,846.73
2021-07,2021-07,Packets (4g - 1kg),44901.35,1308.2
2021-07,2021-07,Packets (1kg - 3kg),3.5,3622.29
2021-07,2021-07,Packets (5kg - 10kg),4200.0,1294.44
2021-07,2021-07,Packets (>3kg),19244.02,1643.21
2021-07,2021-07,Packets (1kg - 3kg),120.0,1156.52
2021-08,Black,Bags,310898.52,1486.84
2021-08,2021-08,Bulk,166110.09,1031.9
2021-08,2021-08,Packets (4g - 1kg),103370.09,1334.05
2021-08,2021-08,Packets (1kg - 3kg),0.4,1250.0
2021-08,2021-08,Packets (5kg - 10kg),210.0,1972.14
2021-08,2021-08,Bags,155229.06,3111.86
2021-08,2021-08,Bulk,37883.06,832.65
2021-08,2021-08,Packets (4g - 1kg),41043.98,1591.31
2021-08,2021-08,Packets (1kg - 3kg),0.43,1255.81
2021-08,2021-08,Packets (>3kg),1612.3,4061.47
2021-09,Black,Bags,246049.32,1478.85
2021-09,2021-09,Bulk,191947.2,806.87
2021-09,2021-09,Packets (4g - 1kg),94248.81,1134.87
2021-09,2021-09,Packets (3kg - 5kg),20090.0,2960.2
2021-09,2021-09,Packets (5kg - 10kg),14810.0,2010.81
2021-09,Green,Bags,115579.51,3402.29
2021-09,2021-09,Bulk,65420.0,681.28
2021-09,2021-09,Packets (4g - 1kg),48812.17,2236.75
2021-09,2021-09,Packets (3kg - 5kg),5.0,1600.0
2021-09,2021-09,Packets (5kg - 10kg),5430.0,1294.77
2021-09,Instant,Packets (>3kg),1076.15,1071.05
2021-10,Black,Bags,310796.54,1349.87
2021-10,2021-10,Bulk,147798.0,854.09
2021-10,2021-10,Packets (4g - 1kg),89143.62,1161.35
2021-10,2021-10,Packets (5kg - 10kg),2750.0,3081.9
2021-10,Green,Bags,98903.93,3262.19
2021-10,2021-10,Bulk,47644.0,598.73
2021-10,2021-10,Packets (4g - 1kg),40207.4,1527.15
2021-10,2021-10,Packets (1kg - 3kg),70.0,1657.99
2021-10,2021-10,Packets (5kg - 10kg),20.0,2515.1
2021-10,Instant,Packets (>3kg),10637.92,1026.08
2021-11,Black,Bags,415331.0,1283.36
2021-11,2021-11,Bulk,199776.0,851.29
2021-11,2021-11,Packets (4g - 1kg),106725.6,1140.54
2021-11,2021-11,Packets (3kg - 5kg),186.0,639.45
2021-11,2021-11,Packets (5kg - 10kg),760.0,2109.65
2021-11,Green,Bags,94805.33,3951.11
2021-11,2021-11,Bulk,40889.0,565.2
2021-11,2021-11,Packets (4g - 1kg),60006.92,1218.07
2021-11,2021-11,Packets (1kg - 3kg),5.74,2885.89
2021-11,2021-11,Packets (3kg - 5kg),3635.0,1472.18
2021-11,2021-11,Packets (5kg - 10kg),190.0,4211.44
2021-11,2021-11,Packets (>3kg),14741.26,694.53
2021-12,Black,Bags,474002.76,1345.75
2021-12,2021-12,Bulk,140317.0,729.98
2021-12,2021-12,Packets (4g - 1kg),38197.4,1491.05
2021-12,2021-12,Packets (3kg - 5kg),2.0,3934.0
2021-12,2021-12,Packets (5kg - 10kg),14700.0,1497.59
2021-12,Green,Bags,102258.13,3278.09
2021-12,2021-12,Bulk,3362.0,617.48
2021-12,2021-12,Packets (4g - 1kg),70283.13,1328.82
2021-12,2021-12,Packets (5kg - 10kg),4290.0,1295.17
2021-12,Instant,Packets (>3kg),2173.4,1426.03
2022-01,Black,Bags,286777.89,1371.11
2022-01,2022-1,Bulk,75636.0,1032.05
2022-01,2022-1,Packets (4g - 1kg),62179.06,1231.8
2022-01,2022-1,Packets (3kg - 5kg),1.0,2797.0
2022-01,2022-1,Packets (5kg - 10kg),6750.0,1531.52
2022-01,Green,Bags,106485.33,3373.42
2022-01,2022-1,Bulk,1190.0,697.87
2022-01,2022-1,Packets (4g - 1kg),45531.92,1645.56
2022-01,2022-1,Packets (3kg - 5kg),18605.0,1433.57
2022-01,2022-1,Packets (5kg - 10kg),1690.0,1423.54
2022-01,Instant,Packets (>3kg),2917.34,796.06
2022-01,2022-1,Packets (4g - 1kg),115.2,2768.33
2022-02,Black,Bags,325503.0,1265.89
2022-02,2022-2,Bulk,17194.0,992.05
2022-02,2022-2,Packets (4g - 1kg),85513.5,1160.7
2022-02,Green,Bags,80021.07,3226.16
2022-02,2022-2,Bulk,27360.0,602.85
2022-02,2022-2,Packets (4g - 1kg),76308.0,1122.62
2022-02,Instant,Packets (>3kg),5778.73,1334.53
2022-03,Black,Bags,407041.98,1409.17
2022-03,2022-3,Bulk,38605.8,625.72
2022-03,2022-3,Packets (4g - 1kg),121148.19,1252.79
2022-03,Green,Bags,107622.09,3154.33
2022-03,2022-3,Bulk,25785.0,729.07
2022-03,2022-3,Packets (4g - 1kg),119777.36,1352.71
2022-03,Instant,Packets (>3kg),2325.12,897.01
2022-04,Black,Bags,291568.24,1950.59
2022-04,2022-4,Bulk,63498.0,934.28
2022-04,2022-4,Packets (4g - 1kg),73062.96,1581.24
2022-04,2022-4,Packets (3kg - 5kg),107.26,5329.91
2022-04,2022-4,Packets (5kg - 10kg),250.0,806.0
2022-04,Green,Bags,120064.95,4074.72
2022-04,2022-4,Bulk,27064.0,992.93
2022-04,2022-4,Packets (4g - 1kg),25906.81,2542.38
2022-04,2022-4,Packets (3kg - 5kg),12633.97,2169.54
2022-04,Instant,Packets (>3kg),770.66,2065.36
2022-04,2022-4,Packets (4g - 1kg),600.0,2008.5
2022-05,Black,Bags,364883.8,2171.93
2022-05,2022-5,Bulk,64363.2,1479.55
2022-05,2022-5,Packets (4g - 1kg),114592.1,1951.88
2022-05,2022-5,Packets (5kg - 10kg),30280.0,1521.05
2022-05,Green,Bags,74795.29,5487.6
2022-05,2022-5,Bulk,12218.4,1286.86
2022-05,2022-5,Packets (4g - 1kg),31303.86,2789.89
2022-05,Instant,Packets (>3kg),1618.39,2641.12
2022-06,Black,Bags,326833.28,2744.47
2022-06,2022-6,Bulk,76234.2,1450.21
2022-06,2022-6,Packets (4g - 1kg),158468.15,2219.26
2022-06,2022-6,Packets (5kg - 10kg),4950.0,1474.43
2022-06,Green,Bags,121469.05,6123.45
2022-06,2022-6,Bulk,25153.0,1795.91
2022-06,2022-6,Packets (4g - 1kg),123470.31,1820.12
2022-06,2022-6,Packets (5kg - 10kg),3300.0,1295.13
2022-06,Instant,Packets (>3kg),5508.58,1166.94
2022-07,Black,Bags,341363.96,2627.34
2022-07,2022-7,Bulk,61867.8,1143.55
2022-07,2022-7,Packets (4g - 1kg),79903.77,2232.31
2022-07,2022-7,Packets (1kg - 3kg),32.0,3601.88
2022-07,2022-7,Packets (3kg - 5kg),280.0,2454.11
2022-07,2022-7,Packets (5kg - 10kg),3300.0,2529.54
2022-07,Green,Bags,119586.03,6326.9
2022-07,2022-7,Bulk,1008.0,2022.16
2022-07,2022-7,Packets (4g - 1kg),66572.58,2969.57
2022-07,2022-7,Packets (1kg - 3kg),97.0,6535.36
2022-07,2022-7,Packets (5kg - 10kg),4950.0,2345.7
2022-07,Instant,Packets (>3kg),7370.11,2054.98
2022-08,Black,Bags,1538250.83,3267.5
2022-08,2022-8,Bulk,10676413.68,1741.23
2022-08,2022-8,Packets (4g - 1kg),5462277.99,1925.49
2022-08,2022-8,Packets (1kg - 3kg),292897.76,1625.12
2022-08,2022-8,Packets (3kg - 5kg),992937.04,1721.81
2022-08,2022-8,Packets (5kg - 10kg),2829119.6,1594.09
2022-08,Green,Bags,75015.15,6916.49
2022-08,2022-8,Bulk,35019.36,2291.47
2022-08,2022-8,Packets (4g - 1kg),82915.13,3123.15
2022-08,2022-8,Packets (1kg - 3kg),1000.0,2564.9
2022-08,2022-8,Packets (3kg - 5kg),5320.0,1922.1
2022-08,2022-8,Packets (5kg - 10kg),1743.0,4285.43
2022-08,Instant,Packets (>3kg),221718.0,2748.85
2022-08,2022-8,Packets (4g - 1kg),0.2,735.0
2022-09,Black,Bags,230019.81,2766.37
2022-09,2022-9,Bulk,223638.0,1437.42
2022-09,2022-9,Packets (4g - 1kg),65723.86,2187.32
2022-09,2022-9,Packets (1kg - 3kg),41.65,3167.76
2022-09,2022-9,Packets (3kg - 5kg),190.0,2502.67
2022-09,2022-9,Packets (5kg - 10kg),6150.0,2725.73
2022-09,Green,Bags,138597.81,5883.66
2022-09,2022-9,Bulk,58970.0,1104.43
2022-09,2022-9,Packets (4g - 1kg),30497.09,3379.23
2022-09,2022-9,Packets (1kg - 3kg),50.0,2756.16
2022-09,2022-9,Packets (3kg - 5kg),30.0,1281.5
2022-09,2022-9,Packets (5kg - 10kg),2310.0,2354.86
2022-09,Instant,Packets (>3kg),4397.23,1902.66
2022-10,Black,Bags,292559.09,2605.32
2022-10,2022-10,Bulk,61450.0,1476.78
2022-10,2022-10,Packets (4g - 1kg),76302.28,2293.55
2022-10,2022-10,Packets (1kg - 3kg),240.0,5992.8
2022-10,Green,Bags,108441.02,6126.72
2022-10,2022-10,Bulk,32960.0,1230.58
2022-10,2022-10,Packets (4g - 1kg),110470.4,2329.25
2022-10,Instant,Packets (>3kg),6304.58,1468.45
2022-11,Black,Bags,296676.59,2567.16
2022-11,2022-11,Bulk,148057.0,1600.29
2022-11,2022-11,Packets (4g - 1kg),118240.37,2308.23
2022-11,2022-11,Packets (5kg - 10kg),300.0,1152.68
2022-11,Grand Total,Bags,92541.26,6404.51
2022-11,2022-11,Bulk,25760.0,1070.44
2022-11,2022-11,Packets (4g - 1kg),35810.92,3545.33
2022-11,2022-11,Packets (3kg - 5kg),11700.0,2589.14
2022-11,Instant,Packets (>3kg),5855.06,2507.85
2022-12,Black,Bags,308133.74,2643.68
2022-12,2022-12,Bulk,103676.0,1602.36
2022-12,2022-12,Packets (4g - 1kg),90023.7,2250.68
2022-12,2022-12,Packets (1kg - 3kg),368.0,3210.83
2022-12,2022-12,Packets (3kg - 5kg),29.0,256.07
2022-12,2022-12,Packets (5kg - 10kg),7050.0,2767.44
2022-12,Green,Bags,91454.14,7052.56
2022-12,2022-12,Bulk,18933.0,1658.44
2022-12,2022-12,Packets (4g - 1kg),25984.27,4296.85
2022-12,2022-12,Packets (1kg - 3kg),80.0,2692.99
2022-12,2022-12,Packets (3kg - 5kg),6250.0,2593.4
2022-12,2022-12,Packets (5kg - 10kg),2410.0,2463.8
2022-12,Instant,Packets (>3kg),2358.63,2625.42
2023-01,Black,Bags,337090.37,2427.47
2023-01,2023-01,Bulk,189863.45,1574.38
2023-01,2023-01,Packets (4g - 1kg),91980.76,2705.22
2023-01,2023-01,Packets (1kg - 3kg),64.0,3788.53
2023-01,2023-01,Packets (3kg - 5kg),200.0,2428.9
2023-01,2023-01,Packets (5kg - 10kg),3660.0,2686.23
2023-01,Green,Bags,68319.62,6659.12
2023-01,2023-01,Bulk,25760.0,1151.31
2023-01,2023-01,Packets (4g - 1kg),45670.18,3106.76
2023-01,2023-01,Packets (5kg - 10kg),4800.0,2370.85
2023-01,Instant,Instant,40.0,3250.33
2023-01,2023-01,Packets (>3kg),7627.4,3121.42
2023-02,Black,Bags,314102.7,2522.88
2023-02,2023-02,Bulk,235557.6,1334.39
2023-02,2023-02,Packets (4g - 1kg),52691.92,2321.75
2023-02,Green,Bags,106646.53,6331.46
2023-02,2023-02,Bulk,27860.0,1249.99
2023-02,2023-02,Packets (4g - 1kg),108697.95,2310.86
2023-02,2023-02,Packets (1kg - 3kg),100.0,4442.0
2023-02,2023-02,Packets (3kg - 5kg),15125.0,2837.28
2023-02,Instant,Packets (>3kg),5097.65,1670.02
2023-03,Black,Bags,324717.57,2442.75
2023-03,2023-03,Bulk,68990.6,1566.47
2023-03,2023-03,Packets (4g - 1kg),32654.95,2674.16
2023-03,2023-03,Packets (1kg - 3kg),795.3,2909.59
2023-03,Green,Bags,93647.42,5937.34
2023-03,2023-03,Packets (3kg - 5kg),510.0,6146.08
2023-03,2023-03,Packets (4g - 1kg),69087.62,2618.77
2023-03,2023-03,Packets (5kg - 10kg),200.0,4825.79
2023-03,Instant,Bags,96.0,831.79
2023-03,2023-03,Packets (>3kg),2156.22,2734.81
2023-04,Black,Bags,321888.54,2321.34
2023-04,2023-04,Bulk,347750.0,1505.68
2023-04,2023-04,Packets (4g - 1kg),69156.66,2451.98
2023-04,2023-04,Packets (5kg - 10kg),13380.0,2476.76
2023-04,Green,Bags,70449.82,7223.2
2023-04,2023-04,Bulk,34666.0,1309.96
2023-04,2023-04,Packets (4g - 1kg),24177.66,2583.23
2023-04,2023-04,Packets (1kg - 3kg),50.0,483.78
2023-04,2023-04,Packets (5kg - 10kg),3560.0,2087.8
2023-04,Instant,Packets (>3kg),4822.48,1081.37
2023-05,Black,Bags,382392.72,2222.57
2023-05,2023-05,Bulk,438433.2,1484.56
2023-05,2023-05,Packets (4g - 1kg),70948.36,1962.03
2023-05,2023-05,Packets (5kg - 10kg),10000.0,1251.53
2023-05,Green,Bags,96341.33,6104.43
2023-05,2023-05,Bulk,46422.0,992.66
2023-05,2023-05,Packets (4g - 1kg),224900.34,1480.94
2023-05,Instant,Packets (>3kg),6977.15,2753.68
2023-06,Black,Bags,398240.48,1987.76
2023-06,Black,Bulk,26150.0,727.35
2023-06,Black,Packets (4g - 1kg),98717.07,2146.33
2023-06,Green,Bags,95652.24,5589.04
2023-06,Green,Packets (4g - 1kg),25644.52,3208.08
2023-06,Green,Packets (3Kg - 5kg),6325.0,1940.69
2023-06,Green,Packets (5Kg - 10kg),57.0,7030.86
2023-06,Instant,Bags,82.0,2012.13
2023-06,Instant,Packets (>3kg),17942.45,1108.72
2023-06,Instant,Packets (1kg-3kg),180.0,1598.3
2023-07,Black,Bags,479454.12,2232.82
2023-07,Black,Bulk,26321.0,1532.82
2023-07,Black,Packets (4g - 1kg),83515.06,2264.48
2023-07,Black,Packets (5kg-10kg),4470.0,2256.29
2023-07,Green,Bags,114006.07,6885.23
2023-07,Green,Packets (4g - 1kg),66278.89,2026.73
2023-07,Green,Packets (3Kg - 5kg),21592.64,2179.09
2023-07,Green,Packets (5Kg - 10kg),3990.0,1916.08
2023-07,Instant,Bags,100.0,2058.4
2023-07,Instant,Packets (>3kg),2167.87,2438.19
2023-08,Black,Bags,422390.99,2640.63
2023-08,Black,Bulk,218926.8,1373.88
2023-08,Black,Packets (4g - 1kg),51302.18,2199.5
2023-08,Black,Packets (1kg - 3KG),1.0,38815.0
2023-08,Black,Packets (5KG -10KG ),5850.0,2381.2
2023-08,Green,Bags,122306.83,7405.7
2023-08,Green,Bulk,7810.0,1814.65
2023-08,Green,Packets (4g - 1kg),18852.4,3483.58
2023-08,Green,Packets (3Kg - 5kg),1275.0,2031.75
2023-08,Green,Packets (5Kg - 10kg),2610.0,2071.47
2023-08,Instant,Bags,80.0,2166.41
2023-08,Instant,Packets (>3kg),12529.41,1557.62
2023-08,Instant,Packets (1kg-3kg),390.0,2130.09
2023-09,Black,Bags,536581.24,2185.27
2023-09,Black,Bulk,121426.15,1451.32
2023-09,Black,Packets (4g - 1kg),104619.95,2035.98
2023-09,Black,Packets (5KG -10KG ),5720.0,2286.18
2023-09,Green,Bags,104006.73,6486.68
2023-09,Green,Bulk,64111.0,1205.86
2023-09,Green,Packets (4g - 1kg),77041.6,2149.02
2023-09,Green,Packets (3Kg - 5kg),10781.0,2323.3
2023-09,Green,Packets (5Kg - 10kg),3240.0,2079.02
2023-09,Instant,Instant,,
2023-09,Instant,Packets (>3kg),4106.81,1906.3
2023-09,Instant,Packets (1kg-3kg),634.0,1740.8
2023-10,Black,Bags,383321.45,2207.72
2023-10,Black,Bulk,78266.0,974.92
2023-10,Black,Packets (4g - 1kg),106219.41,2039.47
2023-10,Green,Bags,96915.65,5488.99
2023-10,Green,Bulk,25860.0,1041.9
2023-10,Green,Packets (4g - 1kg),51744.02,2214.63
2023-10,Green,Packets (1Kg - 3kg),80.0,2879.29
2023-10,Instant,Instant,,
2023-10,Instant,Packets (>3kg),1783.26,2321.06
2023-10,Instant,Packets (1kg-3kg),240.0,2918.68
2023-11,Black,Bags,570594.48,2013.23
2023-11,Black,Bulk,70977.0,1433.76
2023-11,Black,Packets (1kg - 3kg),718.5,2683.8
2023-11,Black,Packets (4g - 1kg),64117.61,2323.39
2023-11,Black,Packets (5kg - 10kg),10.0,5665.3
2023-11,Green,Bags,125373.22,6384.02
2023-11,Green,Bulk,32206.4,1273.34
2023-11,Green,Packets (4g - 1kg),169501.02,1521.1
2023-11,Instant,Packets (>3kg),15669.53,1079.07
2023-12,Black,Bags,507805.66,507805.66
2023-12,Black,Bulk,47020.0,47020.0
2023-12,Black,Packets (4g - 1kg),99901.04,99901.04
2023-12,Black,Packets (5Kg - 10Kg),11190.0,11190.0
2023-12,Green,Bags,106646.61,106646.61
2023-12,Green,Bulk,40041.0,40041.0
2023-12,Green,Packets (4g - 1kg),41265.47,41265.47
2023-12,Green,Packets (5Kg - 10kg),5730.0,5730.0
2023-12,Instant,Instant,,
2023-12,Instant,Packets (>3kg),1203.87,1203.87
2023-12,Instant,Packets (1kg-3kg),90.0,90.0
2024-01,Black,Bags,438315.07,438315.07
2024-01,Black,Bulk,37118.5,37118.5
2024-01,Black,Packets (4g - 1kg),33488.21,33488.21
2024-01,Black,Packets (5Kg - 10Kg),4710.0,4710.0
2024-01,Green,Bags,90317.06,90317.06
2024-01,Green,Bulk,9145.0,9145.0
2024-01,Green,Packets (4g - 1kg),40649.92,40649.92
2024-01,Green,Packets (3Kg - 5kg),38150.0,38150.0
2024-01,Green,Packets (5Kg - 10kg),3750.0,3750.0
2024-01,Instant,Packets (>3kg),3190.35,3190.35
2024-02,Black,Bags,638746.76,638746.76
2024-02,Black,Bulk,93225.0,93225.0
2024-02,Black,Packets (4g - 1kg),27939.05,27939.05
2024-02,Green,Bags,131953.08,131953.08
2024-02,Green,Bulk,36272.5,36272.5
2024-02,Green,Packets (4g-1kg),47670.82,47670.82
2024-02,Green,Packets (1kg-3kg),3000.0,3000.0
2024-02,Green,Packets (3kg-5kg),21200.0,21200.0
2024-02,Instant,Packets (>3kg),4273.7,4273.7
2024-02,Instant,Packets (4g-1kg),90.0,90.0
2024-03,Black,Bags,534877.77,534877.77
2024-03,Black,Bulk,82354.63,82354.63
2024-03,Black,Packets (4g - 1kg),60856.09,60856.09
2024-03,Black,Packets (5kg - 10kg),4700.0,4700.0
2024-03,Green,Bags,149891.16,149891.16
2024-03,Green,Bulk,36196.0,36196.0
2024-03,Green,Packets (3kg-5kg),1.02,1.02
2024-03,Green,Packets (4g-1kg),35420.9,35420.9
2024-03,Green,Packets (5kg-10kg),3870.0,3870.0
2024-03,Instant,Packets (>3kg),188214.0,188214.0
2024-03,Instant,Packets (4g-1kg),60.0,60.0
2024-04,Black,Bags,365364.9,365364.9
2024-04,Black,Bulk,81925.84,81925.84
2024-04,Black,Packets (1kg - 3kg),81.6,81.6
2024-04,Black,Packets (3kg - 5kg),24.36,24.36
2024-04,Black,Packets (4g - 1kg),66396.62,66396.62
2024-04,Black,Packets (5kg - 10kg),5160.0,5160.0
2024-04,Green,Bags,90976.89,90976.89
2024-04,Green,Bulk,28765.0,28765.0
2024-04,Green,Packets (4g - 1kg),15795.92,15795.92
2024-04,Green,Packets (4g - 1kg),64277.69,64277.69
2024-04,Green,Packets (5kg - 10kg),3310.0,3310.0
2024-04,Instant,Packets (>3kg),126554.41,126554.41
2024-04,Instant,Packets (4g-1kg),210.0,210.0
2024-05,Black,Bags,465860.98,465860.98
2024-05,Black,Bulk,223548.95,223548.95
2024-05,Black,Packets (4g - 1kg),129931.54,129931.54
2024-05,Green,Bags,116791.97,116791.97
2024-05,Green,Bulk,9495.0,9495.0
2024-05,Green,Packets (1Kg - 3kg),60.0,60.0
2024-05,Green,Packets (3kg - 5kg),6250.0,6250.0
2024-05,Green,Packets (4g - 1kg),36539.49,36539.49
2024-05,Green,Packets (5kg - 10kg),295.2,295.2
2024-05,Instant,Packets (>3kg),188366.74,188366.74
2024-06,Black,Bags,412533.54,412533.54
2024-06,Black,Bulk,212619.45,212619.45
2024-06,Black,Packets (1Kg-3Kg),17772.0,17772.0
2024-06,Black,Packets (3Kg-5Kg),189.2,189.2
2024-06,Black,Packets (4g-1Kg),280287.38,280287.38
2024-06,Black,Packets (5Kg-10Kg),6720.0,6720.0
2024-06,Green,Bags,86412.68,86412.68
2024-06,Green,Bulk,25760.0,25760.0
2024-06,Green,Packets (1Kg-3Kg),5.88,5.88
2024-06,Green,Packets (3Kg-5Kg),6250.0,6250.0
2024-06,Green,Packets (4g-1Kg),48732.75,48732.75
2024-06,Green,Packets (5Kg-10Kg),1740.0,1740.0
2024-06,Instant,Packets (>3Kg),204641.1,204641.1
2024-06,Instant,Packets (4g-1Kg),180.0,180.0
2024-07,Black,Bags,643057.45,643057.45
2024-07,Black,Bulk,402235.01,402235.01
2024-07,Black,Packets (1Kg - 3kg),17600.0,17600.0
2024-07,Black,Packets (3kg - 5kg),9.6,9.6
2024-07,Black,Packets (4g - 1kg),138514.11,138514.11
2024-07,Green,Bags,89646.4,89646.4
2024-07,Green,Bulk,43915.0,43915.0
2024-07,Green,Packets (3kg - 5kg),42635.0,42635.0
2024-07,Green,Packets (4g - 1kg),33141.51,33141.51
2024-07,Instant,Packets (>3kg),183360.84,183360.84
2024-08,Black,Bags,531285.44,531285.44
2024-08,Black,Bulk,269595.84,269595.84
2024-08,Black,Packets (1Kg - 3kg),1616.18,1616.18
2024-08,Black,Packets (3kg - 5kg),6.93,6.93
2024-08,Black,Packets (4g - 1kg),225175.53,225175.53
2024-08,Black,Packets (5kg - 10kg),11970.0,11970.0
2024-08,Green,Bags,133875.67,133875.67
2024-08,Green,Bulk,6642.0,6642.0
2024-08,Green,Packets (3kg - 5kg),15250.0,15250.0
2024-08,Green,Packets (4g - 1kg),34949.81,34949.81
2024-08,Green,Packets (5kg - 10kg),4950.0,4950.0
2024-08,Instant,Packets (>3kg),205104.86,205104.86
2024-09,Black,Bags,586484.1,586484.1
2024-09,Black,Bulk,238815.8,238815.8
2024-09,Black,Packets (1Kg - 3kg),17600.0,17600.0
2024-09,Black,Packets (3kg - 5kg),41.01,41.01
2024-09,Black,Packets (4g - 1kg),114362.93,114362.93
2024-09,Black,Packets (5kg - 10kg),3840.0,3840.0
2024-09,Green,Bags,103993.95,103993.95
2024-09,Green,Bulk,39020.0,39020.0
2024-09,Green,Packets (1Kg - 3kg),2000.0,2000.0
2024-09,Green,Packets (3kg - 5kg),92.4,92.4
2024-09,Green,Packets (4g - 1kg),136460.19,136460.19
2024-09,Green,Packets (5kg - 10kg),5005.0,5005.0
2024-09,Instant,Packets (>3kg),172179.43,172179.43
2024-10,Black,Bags,622566.22,622566.22
2024-10,Black,Bulk,298291.6,298291.6
2024-10,Black,Packets (3kg - 5kg),223.3,223.3
2024-10,Black,Packets (4g - 1kg),167698.9,167698.9
2024-10,Green,Bags,120438.14,120438.14
2024-10,Green,Bulk,6744.0,6744.0
2024-10,Green,Packets (1Kg - 3kg),15200.0,15200.0
2024-10,Green,Packets (3kg - 5kg),41975.0,41975.0
2024-10,Green,Packets (4g - 1kg),83570.67,83570.67
2024-10,Instant,Packets (>3kg),256835.33,256835.33
2024-10,Instant,Packets (1Kg - 3kg),1010.0,1010.0
2024-11,Black,Bags,602879.69,602879.69
2024-11,Black,Bulk,179011.0,179011.0
2024-11,Black,Packets (1kg - 3kg),280.0,280.0
2024-11,Black,Packets (4g - 1kg),335976.92,335976.92
2024-11,Black,Packets (5kg - 10kg),1000.0,1000.0
2024-11,Green,Bags,116644.33,116644.33
2024-11,Green,Bulk,24280.0,24280.0
2024-11,Green,Packets (3kg - 5kg),17475.0,17475.0
2024-11,Green,Packets (4g - 1kg),64036.86,64036.86
2024-11,Instant,Packets (>3kg),114703.54,114703.54
2024-12,Black,Bags,676479.96,676479.96
2024-12,Black,Bulk,295609.76,295609.76
2024-12,Black,Packets (1kg - 3kg),78.0,78.0
2024-12,Black,Packets (4g - 1kg),356131.51,356131.51
2024-12,Black,Packets (5kg - 10kg),41710.0,41710.0
2024-12,Green,Bags,141192.7,141192.7
2024-12,Green,Bulk,2875.0,2875.0
2024-12,Green,Packets (1kg - 3kg),60.0,60.0
2024-12,Green,Packets (3kg - 5kg),50500.0,50500.0
2024-12,Green,Packets (4g - 1kg),55455.61,55455.61
2024-12,Green,Packets (5kg - 10kg),27710.0,27710.0
2024-12,Instant,Packets (>3kg),63425.34,63425.34
2024-12,Instant,Packets (1kg - 3kg),100.0,100.0
2024-12,Instant,Packets (4g - 1kg),96.0,96.0
2025-01,Black,Bags,591847.33,591847.33
2025-01,Black,Bulk,236667.82,236667.82
2025-01,Black,Packets (4g - 1kg),242694.11,242694.11
2025-01,Black,Packets (3kg - 5kg),100.0,100.0
2025-01,Green,Bags,103048.28,103048.28
2025-01,Green,Bulk,35494.0,35494.0
2025-01,Green,Packets (4g - 1kg),32412.72,32412.72
2025-01,Instant,Packets (>3kg),130915.74,130915.74
2025-01,Instant,Packets (1kg - 3kg),200.0,200.0
2025-01,Instant,Packets (4g - 1kg),1195.2,1195.2
2025-02,Black,Bags,694700.41,694700.41
2025-02,Black,Bulk,245202.8,245202.8
2025-02,Black,Packets (1kg - 3kg),12.3,12.3
2025-02,Black,Packets (4g - 1kg),370511.27,370511.27
2025-02,Black,Packets (5kg - 10kg),480.0,480.0
2025-02,Green,Bags,155680.86,155680.86
2025-02,Green,Bulk,20084.0,20084.0
2025-02,Green,Packets (3kg - 5kg),21382.0,21382.0
2025-02,Green,Packets (4g - 1kg),42017.13,42017.13
2025-02,Green,Packets (5kg - 10kg),988.0,988.0
2025-02,Instant,Packets (>3kg),217672.12,217672.12
2025-02,Instant,Packets (4g - 1kg),86.4,86.4
2025-03,Black,Bags,697044.95,697044.95
2025-03,Black,Bulk,222263.8,222263.8
2025-03,Black,Packets (4g - 1kg),300326.68,300326.68
2025-03,Black,Packets (5kg - 10kg),30000.0,30000.0
2025-03,Green,Bags,158501.11,158501.11
2025-03,Green,Bulk,32820.0,32820.0
2025-03,Green,Packets (3kg - 5kg),8268.99,8268.99
2025-03,Green,Packets (4g - 1kg),36960.12,36960.12
2025-03,Instant,Packets (>3kg),174846.29,174846.29
2025-03,Instant,Packets (4g - 1kg),211.2,211.2
2025-04,Black,Bags,480978.35,480978.35
2025-04,Black,Bulk,239512.6,239512.6
2025-04,Black,Packets (1kg - 3kg),32.0,32.0
2025-04,Black,Packets (4g - 1kg),285195.18,285195.18
2025-04,Black,Packets (5kg - 10kg),30000.0,30000.0
2025-04,Green,Bags,92021.56,92021.56
2025-04,Green,Bulk,77280.0,77280.0
2025-04,Green,Packets (1kg - 3kg),482.0,482.0
2025-04,Green,Packets (3kg - 5kg),6250.0,6250.0
2025-04,Green,Packets (4g - 1kg),47538.09,47538.09
2025-04,Instant,Packets (>3kg),154651.44,154651.44
2025-04,Instant,Packets (4g - 1kg),9.6,9.6
2025-05,Black,Bags,402926.33,402926.33
2025-05,Black,Bulk,97924.84,97924.84
2025-05,Black,Packets (1kg - 3kg),108.0,108.0
2025-05,Black,Packets (4g - 1kg),189282.31,189282.31
2025-05,Green,Bags,110386.7,110386.7
2025-05,Green,Bulk,9967.0,9967.0
2025-05,Green,Packets (1kg - 3kg),150.0,150.0
2025-05,Green,Packets (4g - 1kg),54521.8,54521.8
2025-05,Green,Packets (5kg - 10kg),104.04,104.04
2025-05,Instant,Packets (>3kg),278189.28,278189.28
2025-06,Black,Bags,605204.01,605204.01
2025-06,Black,Bulk,248355.6,248355.6
2025-06,Black,Packets (1kg - 3kg),4.8,4.8
2025-06,Black,Packets (4g - 1kg),384907.7,384907.7
2025-06,Green,Bags,111629.49,111629.49
2025-06,Green,Bulk,53196.0,53196.0
2025-06,Green,Packets (1kg - 3kg),95.5,95.5
2025-06,Green,Packets (3kg - 5kg),22025.0,22025.0
2025-06,Green,Packets (4g - 1kg),79586.46,79586.46
2025-06,Instant,Packets (>3kg),241930.19,241930.19
2025-06,Instant,Packets (4g - 1kg),604.8,604.8
2025-07,Black,Bags,616689.45,616689.45
2025-07,Black,Bulk,241976.6,241976.6
2025-07,Black,Packets (4g - 1kg),243017.29,243017.29
2025-07,Black,Packets (5Kg - 10kg),17250.0,17250.0
2025-07,Green,Bags,126437.53,126437.53
2025-07,Green,Bulk,27776.0,27776.0
2025-07,Green,Packets (3kg - 5kg),52125.0,52125.0
2025-07,Green,Packets (4g - 1kg),115593.8,115593.8
2025-07,Green,Packets (5kg - 10kg),8560.0,8560.0
2025-07,Instant,Packets (>3kg),200149.44,200149.44
2025-08,Black,Bags,716166.18,716166.18
2025-08,Black,Bulk,240486.0,240486.0
2025-08,Black,Packets (1kg - 3kg),100.0,100.0
2025-08,Black,Packets (4g - 1kg),475873.05,475873.05
2025-08,Black,Packets (5Kg - 10kg),64344.0,64344.0
2025-08,Green,Bags,123379.59,123379.59
2025-08,Green,Bulk,35035.0,35035.0
2025-08,Green,Packets (1kg - 3kg),330.0,330.0
2025-08,Green,Packets (3kg - 5kg),7835.0,7835.0
2025-08,Green,Packets (4g - 1kg),52756.74,52756.74
2025-08,Instant,Packets (>3kg),220984.31,220984.31
2025-08,Instant,Packets (4g - 1kg),19.2,19.2
2025-09,Black,Bags,766119.11,766119.11
2025-09,Black,Bulk,256675.2,256675.2
2025-09,Black,Packets (4g - 1kg),416483.75,416483.75
2025-09,Black,Packets (5Kg - 10kg),48360.0,48360.0
2025-09,Green,Bags,134218.63,134218.63
2025-09,Green,Bulk,32405.0,32405.0
2025-09,Green,Packets (3kg - 5kg),15250.0,15250.0
2025-09,Green,Packets (4g - 1kg),68220.24,68220.24
2025-09,Green,Packets (5g - 10kg),27460.0,27460.0
2025-09,Instant,Packets (>3kg),183631.06,183631.06
2025-09,Instant,Packets (4g - 1kg),4476.24,4476.24
2025-10,Black,Bags,924191.76,924191.76
2025-10,Black,Bulk,293309.0,293309.0
2025-10,Black,Packets (4g - 1kg),267675.88,267675.88
2025-10,Green,Bags,125824.43,125824.43
2025-10,Green,Bulk,43960.0,43960.0
2025-10,Green,Packets (3kg - 5kg),33375.0,33375.0
2025-10,Green,Packets (4g - 1kg),56227.3,56227.3
2025-10,Instant,Packets (>3kg),128145.25,128145.25
2025-10,Instant,Packets (4g - 1kg),119.2,119.2
2025-11,Black,Bags,769223.36,769223.36
2025-11,Black,Bulk,288463.0,288463.0
2025-11,Black,Packets (3kg - 5kg),13750.0,13750.0
2025-11,Black,Packets (4g - 1kg),241901.44,241901.44
2025-11,Black,Packets (5kg - 10kg),16257.51,16257.51
2025-11,Green,Bags,120470.1,120470.1
2025-11,Green,Bulk,11860.0,11860.0
2025-11,Green,Packets (3kg - 5kg),9585.0,9585.0
2025-11,Green,Packets (4g - 1kg),30263.37,30263.37
2025-11,Green,Packets (5kg - 10kg),3250.0,3250.0
2025-11,Instant,Packets (>3kg),132056.04,132056.04
2025-11,Instant,Packets (4g - 1kg),667.2,667.2
2025-12,Black,Bags,660443.02,660443.02
2025-12,Black,Bulk,292956.72,292956.72
2025-12,Black,Packets (4g - 1kg),521380.52,521380.52
2025-12,Green,Bags,146450.44,146450.44
2025-12,Green,Bulk,1035.0,1035.0
2025-12,Green,Packets (1kg - 3kg),70.0,70.0
2025-12,Green,Packets (3kg - 5kg),19225.0,19225.0
2025-12,Green,Packets (4g - 1kg),47239.62,47239.62
2025-12,Green,Packets (5kg - 10kg),1000.0,1000.0
2025-12,Instant,Packets (>3kg),54196.27,54196.27
2026-01,��veck����#��hKl�%���W�Wj��`�>��b���o��P�!q=�8���c�k٣>bMr����5 ?��R�?�� ����k��j4=;�ё�2���D��&V�['��e�͚��B��X��͖�5��?C�ǩ�8Y��_Fc��6v�9��.r�j(z*����ϳ1o��ȳ��?,ߗ|�+DXH�+@��r1�C,,
2026-01,xW��� ̔n{xghij�X�VѠ>!�^DrB���I���TP�sv�on����#�ui���k��֔^�ɀ3�`�q��� V$��'�(��Nv'�>|�����n�2�����|����&L!F�GA�j���`kY+i�ݏĻPlvK���?���&n\�,Ժ��ch��{�-�A�8��	-<�a�.��NNJ�ǐX��Q$��~�ٱ�	��>��I�y0��Ь�jm�_�/N��,,
2026-01,��P��%�k�MiSȿ�'��#��n�n -Y�2�����7ߓ4/ݍ�s�SNX�v�*����d�vo���p��1�,"�mw��{i���.�-�;�?�[��FB̶�e>�f�/�N�ل�1p�N���ݘ�k�JP�I\'A1��6��v�Ҥ��4ާp�.F4ݗ���CaǇU����9B���8cv<�w��P�<h��疷/��Vމ�}�~����;�kj�tz���|/��+",,
2026-01,"��5|���y�@%�����p9�d����A��/P���CLX""6�Z��t",#_�b�����+r,,
2026-01,�g#�f/��(�,墇x�9\�N�18u(�ۮ��*h�4Dq��@�Zr-�����2�L�H�a�Z���[P�L+�OU��˞l�ޏ�����7��ߨJ�	��j��1�͕��w�0岫)����E(�(��gp%�+:�n��.�38t݅SY`�u�=�TK�i�Y�LCUdմ��+�����2�V�^h]k�u���*qF�}���Q+3�I��2,,
2026-01,%|{H,"����L6��+�5""\9��{��5?",,
2026-01,�,"�<�K8�WZ��CQ�FI�����?JU�p�"" ��?oֽ K�~ͣ8*_(��$��U��<�[����'Q�gE�",,
2026-01,u,"�M�]w��U�&��Y-�ՌV]�;g�o�@�""f�",,
2026-01,��&	�-�ӛH�ԟ�e',LJh1��Ppōx��{u_ yM<Z_�߉Վ���q�3�ٞ�يt=�)!7�-/~ëɤ,,
2026-01,y.n�����r��A�9��y��b�7��H2������d���),�˰LRD#,,
2026-01,"��61�j #/*`C'.�`�̞��Y��m*��0*ҷfY��5�p� ����]�~�Y��<�۲��G�#(��Y��G03���=�	��Fx%�a���ۓ���سf��>`I�x	L�}�",L,,
2026-01,"{@��u�*X?��OM��XQ�ߔȌtK�\��3D��p�c��~F6�� 2��7;)H�~����uݝ=�Q��ӅŶ�3�ڽ$oJ���50�""\���|l~����L�U?E_��B��;}��b�E�n>p�/�U6y4V��0������a϶B��:��cϦ���������-����zX""1��""���䕲����}��","W�>�_�!�ǐ�M$���ypf�(��Kq6�XU��ee�1v��C~yX�_���.2��I/��\^���j��_��e��>1�`�R��S�\�]g'V��U^�F�eU����Z�� ���M'��4���¢�b�<�m��`�F��9m`��)�֝�""�b�H����wYY\��}~Λo¨i�b�p)��q�/�:����|�gUY���s���8�؎m��^r���ݨ�qe~ ��%��^�����=Mz��",,
2026-01,��!X��,"��""�^�k�U�n�",,
2026-01,��Q?���G���	߭&��|�?�$�S�*�t���P?��٦ ����+�4�ӄɏ�c�j�Bo�&]/��ـ=.�k�w,"Y��z9��\�HC�kX\Okgi?�z�ڱ<FԱ��������y��s��9�",,
2026-01,	%�'��ـt�Ζ[�E#��*;,@u,,
2026-01,Z����@�,�!,,
2026-01,���C���D����/PG�G�_Į���qߊ�4BnGH�5󘖟�ߤZ>��>��T�8&�h]j���I%�u$�Zjx������`�ٔ��YtTA,"�UP��#�aIZ�BF1�{��i����@ym���t.-|��Tyl	};�TY��N\�3|���o��tH8:��Z��c8MHǞ�#�.�-����`D-�p��]2?�>:-�W{��%Q_�����L�EP�GH���擼K��GTKGT�""�Cye�v�wIu��P�!	F�����]R�1:���`D�>��$�ep�:rKu$���}��I�e�Fd~�u��`D�>t�I�G͗���I0�z��|�T�1t�j���˨��:*;^uA��Vf@����:*;�]""8vIZ-!�xw�:!��'�B�GH���f׾�9�{	�ܷB(���嵮���sZ=��8������S�{\��L_^��-���/���~����L�X�M�X�۽c��ո�WV����v*SV9\�{��y-��J��-r����qr�����",,
2026-01,"!E�A� o�83��PgQ���FA�ⓨ��6m..�{��NQ��rȤaFH.��6���p���jc&��A���w���.��@���V�R��","� ��k��c�$��ve��R��8e�0ʉ��:� B?""�R%�+�",,
2026-02,Black,Bags,708179.89,708179.89
2026-02,Black,Bulk,247292.0,247292.0
2026-02,Black,Packets (4g - 1kg),288682.35,288682.35
2026-02,Black,Packets (5kg - 10kg),8250.0,8250.0
2026-02,Green,Bags,121641.96,121641.96
2026-02,Green,Bulk,30055.79,30055.79
2026-02,Green,Packets (3kg - 5kg),64140.75,64140.75
2026-02,Green,Packets (4g - 1kg),26016.84,26016.84
2026-02,Instant,Packets (>3kg),208486.27,208486.27
2026-02,Instant,Packets (4g - 1kg),263.6,263.6
2026-03,Black,Bags,806273.24,806273.24
2026-03,Black,Bulk,114733.72,114733.72
2026-03,Black,Packets (4g - 1kg),156258.73,156258.73
2026-03,Green,Bags,151908.84,151908.84
2026-03,Green,Bulk,743.6,743.6
2026-03,Green,Packets (4g - 1kg),127901.99,127901.99
2026-03,Instant,Packets (>3kg),222454.44,222454.44
2026-03,Instant,Packets (4g - 1kg),1765.44,1765.44
2026-04,Black,Bags,554107.33,554107.33
2026-04,Black,Bulk,325339.4,325339.4
2026-04,Black,Packets (4g - 1kg),88705.65,88705.65
2026-04,Green,Bags,79399.06,79399.06
2026-04,Green,Bulk,11153.0,11153.0
2026-04,Green,Packets (4g - 1kg),64728.27,64728.27
2026-04,Green,Packets (5Kg - 10kg),8480.0,8480.0
2026-04,Instant,Packets (>3kg),227652.26,227652.26
2026-04,Instant,Packets (4g - 1kg),6278.16,6278.16
2026-05,Black,Bags,676443.03,676443.03
2026-05,Black,Bulk,197337.0,197337.0
2026-05,Black,Packets (1Kg - 3kg),272.0,272.0
2026-05,Black,Packets (3Kg - 5kg),0.71,0.71
2026-05,Black,Packets (4g - 1kg),372195.24,372195.24
2026-05,Green,Bags,109864.96,109864.96
2026-05,Green,Bulk,3726.7,3726.7
2026-05,Green,Packets (1Kg - 3kg),70.0,70.0
2026-05,Green,Packets (3Kg - 5kg),15255.57,15255.57
2026-05,Green,Packets (4g - 1kg),38094.53,38094.53
2026-05,Instant,Packets (>3kg),349425.18,349425.18
2026-05,Instant,Packets (4g - 1kg),19598.32,19598.32
