year_month,price_high_rs,price_low_rs,price_medium_rs,sales_qty_high_kg,sales_qty_low_kg,sales_qty_medium_kg,prod_high_kg,prod_low_kg,prod_medium_kg,prod_ctc_kg,prod_green_tea_kg,prod_orthodox_kg,export_black_qty_kg,export_black_fob_avg,price_high_rs_lag1,price_high_rs_lag3,price_high_rs_roll3,price_low_rs_lag1,price_low_rs_lag3,price_low_rs_roll3,price_medium_rs_lag1,price_medium_rs_lag3,price_medium_rs_roll3,month,quarter,is_peak_season,rainfall_mm_high,rainfall_mm_low,rainfall_mm_medium,avg_temp_c_high,avg_temp_c_low,avg_temp_c_medium,rainfall_mm,avg_temp_c,usd_lkr_avg,oil_price,mombasa_usd_kg,sentiment_score,price_national_avg,price_national_avg_lag1,price_national_avg_lag3,price_national_avg_roll3,price_national_avg_vol4,price_spread_high_low,price_vol_cross_elev,rainfall_mm_high_lag1,rainfall_mm_high_lag2,rainfall_mm_high_roll3,rainfall_mm_medium_lag1,rainfall_mm_medium_lag2,rainfall_mm_medium_roll3,rainfall_mm_low_lag1,rainfall_mm_low_lag2,rainfall_mm_low_roll3,rainfall_mm_lag1,rainfall_mm_lag2,rainfall_mm_roll3,fx_change_pct,fx_lag1,oil_change_pct,mombasa_lag1,prod_total_kg,split_set
2015-04,388.23333333333335,426.463,373.973125,88686.5,75178.1,62360.0,8300502.0,17641071.0,5685615.0,1726795.0,265651.0,29634742.0,1272944.13,1103.99,416.96,419.7825,411.32666666666665,428.689,443.769,428.299,381.36,360.57625,378.48145833333336,4,2,0,401.35,294.56666666666666,313.7857142857143,23.221,30.014444444444447,25.99,346.8434782608696,25.835942028985507,132.8993,59.4,2.77,0.0,397.0067696084629,400.7318335099425,403.0846007248062,403.75614032862063,7.084335620799609,-38.229666666666674,27.141751149198612,189.09,209.99,266.81,86.95714285714287,154.1142857142857,184.95238095238096,151.28333333333333,113.81666666666666,186.55555555555557,148.14347826086956,167.89565217391305,220.9608695652174,0.00022573533284830916,132.899,6.451612903225801,2.72,31627188.0,train
2015-05,374.56,420.899,345.023125,81923.0,50891.0,44702.0,8216222.0,18875640.0,5339899.0,1771119.0,219149.0,30441493.0,1861930.68,1097.45,388.23333333333335,428.7866666666667,393.25111111111113,426.463,429.745,425.35033333333337,373.973125,380.11125,366.78541666666666,5,2,0,239.21,215.86666666666667,226.0,23.057096774193543,29.27688172043011,26.235483870967744,229.1,25.64698457223001,133.496,64.6,3.09,0.0,380.4066879760134,397.0067696084629,413.5298178674566,392.7150970314729,13.651897345055234,-46.339,38.246739104532935,401.35,189.09,276.55,313.7857142857143,86.95714285714287,208.9142857142857,294.56666666666666,151.28333333333333,220.57222222222222,346.8434782608696,148.14347826086956,241.36231884057972,0.44898656351086697,132.8993,8.754208754208737,2.77,32431761.0,train
2015-06,371.6483333333333,428.059,342.145,69973.18,53303.5,25435.8,7638658.0,17111042.0,4829657.0,1488364.0,252167.0,27838827.0,1848313.51,1091.89,374.56,416.96,378.1472222222222,420.899,428.689,425.1403333333333,345.023125,381.36,353.71374999999995,6,2,0,135.7,176.58333333333334,93.57142857142856,22.613,28.823888888888888,26.354285714285712,133.54347826086956,25.371884057971013,133.8952,62.3,3.27,0.0,386.8215392718442,380.4066879760134,400.7318335099425,388.0783322854402,9.313681120612996,-56.410666666666714,43.653608838131525,239.21,401.35,258.75333333333333,226.0,313.7857142857143,211.1190476190476,215.86666666666667,294.56666666666666,229.00555555555556,229.1,346.8434782608696,236.49565217391304,0.29903517708393945,133.496,-3.5603715170278605,3.09,29579357.0,train
2015-07,393.8858333333333,417.539,346.920625,77390.0,14870.0,73261.0,5100175.0,17387424.0,3827270.0,1512752.0,228798.0,24573320.0,4870515.03,718.4725000000001,371.6483333333333,388.23333333333335,380.0313888888889,428.059,426.463,422.1656666666667,342.145,373.973125,344.69625,7,3,0,157.3,177.26666666666665,84.65714285714286,22.15,28.39569892473118,26.54884792626728,140.4,25.11809256661992,133.6853,55.9,3.39,0.0,375.2235757383756,386.8215392718442,397.0067696084629,380.8172676620777,9.382327759032773,-23.653166666666664,35.944767757387496,135.7,239.21,177.40333333333334,93.57142857142856,226.0,134.74285714285713,176.58333333333334,215.86666666666667,189.90555555555557,133.54347826086956,229.1,167.68115942028984,-0.1567643948401254,133.8952,-10.27287319422151,3.27,26314869.0,train
2015-08,386.0625,396.922,337.9925,50490.4,3532.05,36457.3,4743767.0,18131177.0,3551565.0,1652761.0,194650.0,24579099.0,1229633.96,1236.71,393.8858333333333,374.56,383.8655555555556,417.539,420.899,414.17333333333335,346.920625,345.023125,342.35270833333334,8,3,1,205.04,192.0,141.11428571428573,22.31451612903226,28.46559139784946,26.55345622119816,182.18260869565216,25.20925666199159,133.878,47.0,3.17,0.0,367.11741986853406,375.2235757383756,380.4066879760134,376.3875116262513,8.33213887615176,-10.859500000000025,31.3617059763974,157.3,135.7,166.01333333333332,84.65714285714286,93.57142857142856,106.44761904761906,177.26666666666665,176.58333333333334,181.95000000000002,140.4,133.54347826086956,152.04202898550724,0.14414449457043066,133.6853,-15.921288014311264,3.39,26426509.0,train
2015-09,383.0341666666666,371.778,322.5475,68817.3,31000.0,62504.0,5857291.0,17312479.0,4043581.0,1799225.0,225264.0,25188863.0,1510637.03,1273.54,386.0625,371.6483333333333,387.66083333333336,396.922,428.059,395.413,337.9925,342.145,335.82020833333337,9,3,1,255.03000000000003,271.4833333333333,212.3,22.189666666666668,28.21555555555556,25.935714285714283,246.31739130434784,24.901739130434784,138.8769,47.2,3.1,0.0,357.59326778278637,367.11741986853406,386.8215392718442,366.644754463232,12.397257520547118,11.256166666666559,32.168774359416226,205.04,157.3,205.79000000000005,141.11428571428573,84.65714285714286,146.02380952380955,192.0,177.26666666666665,213.5833333333333,182.18260869565216,140.4,189.63333333333335,3.7339219289203696,133.878,0.42553191489362874,3.17,27213351.0,train
2015-10,405.3883333333333,392.506,339.90875,58794.0,81773.0,59617.3,6160253.0,16404965.0,4304333.0,1793608.0,257509.0,24818435.0,1693342.19,1183.95,383.0341666666666,393.8858333333333,391.495,371.778,417.539,387.06866666666673,322.5475,346.920625,333.48291666666665,10,4,0,793.65,687.4499999999999,630.6857142857143,22.17129032258065,28.59354838709677,24.9889400921659,716.3478260869565,24.70420757363254,140.8945,48.1,3.24,0.0,380.6254373063972,357.59326778278637,375.2235757383756,368.44537498590586,10.038984307079811,12.88233333333335,34.68909783870756,255.03000000000003,205.04,417.9066666666666,212.3,141.11428571428573,328.03333333333336,271.4833333333333,192.0,383.6444444444444,246.31739130434784,182.18260869565216,381.6159420289855,1.4527974054720394,138.8769,1.9067796610169552,3.1,26869551.0,train
2015-11,401.67384615384617,426.741,360.770625,68722.0,72600.0,53399.0,5917264.0,15684341.0,3736684.0,1533370.0,206325.0,23598594.0,1558534.41,1209.62,405.3883333333333,386.0625,396.698782051282,392.506,396.922,397.0083333333334,339.90875,337.9925,341.075625,11,4,0,496.3,428.8333333333333,368.2714285714286,21.904333333333334,28.41055555555556,24.35142857142857,439.7347826086957,24.346376811594205,142.0248,44.4,3.06,0.0,399.8028834063076,380.6254373063972,367.11741986853406,379.34052949849706,18.306243146574104,-25.067153846153815,33.300465663280185,793.65,255.03000000000003,514.9933333333333,630.6857142857143,212.3,403.752380952381,687.4499999999999,271.4833333333333,462.5888888888888,716.3478260869565,246.31739130434784,467.4666666666667,0.8022314568702171,140.8945,-7.692307692307699,3.24,25338289.0,train
2015-12,426.51,433.01900000000006,366.17375,59798.5,18511.2,131550.0,5406987.0,14947739.0,3265227.0,1365361.0,192616.0,22061976.0,1493874.67,1238.31,401.67384615384617,383.0341666666666,411.1907264957265,426.741,371.778,417.422,360.770625,322.5475,355.6177083333334,12,4,0,365.8,294.05,246.44285714285715,22.02935483870968,28.84247311827957,24.056682027649767,310.75652173913045,24.423702664796632,143.4436,37.7,3.03,0.0,389.2625232967549,399.8028834063076,357.59326778278637,389.8969480031532,17.95491370400134,-6.509000000000071,36.85810085681078,496.3,793.65,551.9166666666666,368.2714285714286,630.6857142857143,415.1333333333334,428.8333333333333,687.4499999999999,470.11111111111114,439.7347826086957,716.3478260869565,488.94637681159423,0.9989804597506868,142.0248,-15.09009009009008,3.06,23619953.0,train
2016-01,414.4333333333333,422.818,360.29625,78042.0,34000.0,135192.0,5525842.0,16043946.0,3650049.0,1484020.0,213130.0,23522687.0,1734136.51,1131.3,426.51,405.3883333333333,414.20572649572654,433.01900000000006,392.506,427.526,366.17375,339.90875,362.4135416666666,1,1,0,89.02000000000001,53.56666666666666,47.642857142857146,22.72290322580645,30.046236559139786,24.62857142857143,67.17826086956521,25.213323983169705,143.9403,30.8,2.72,0.0,385.98327426648433,389.2625232967549,380.6254373063972,391.68289365651566,8.082462353916535,-8.384666666666703,33.936449554065724,365.8,496.3,317.03999999999996,246.44285714285715,368.2714285714286,220.78571428571433,294.05,428.8333333333333,258.81666666666666,310.75652173913045,439.7347826086957,272.55652173913046,0.34626849855972086,143.4436,-18.302387267904518,3.03,25219837.0,train
2016-02,443.95,406.889,360.50625,59420.2,49300.0,47837.0,5399367.0,14085593.0,3505810.0,1507505.0,186869.0,21296396.0,1743990.61,1165.07,414.4333333333333,401.67384615384617,428.2977777777778,422.818,426.741,420.9086666666667,360.29625,360.770625,362.32541666666674,2,1,1,105.8,72.71666666666667,41.74285714285714,23.710344827586205,31.197126436781605,25.88522167487685,77.67391304347827,26.32533733133433,143.9288,33.2,2.48,0.0,406.78271565440616,385.98327426648433,399.8028834063076,394.00950440588184,9.579171079001537,37.06099999999998,41.808564977017554,89.02000000000001,365.8,186.8733333333333,47.642857142857146,246.44285714285715,111.94285714285718,53.56666666666666,294.05,140.11111111111111,67.17826086956521,310.75652173913045,151.8695652173913,-0.007989423392906758,143.9403,7.792207792207795,2.72,22990770.0,train
2016-03,432.06750000000005,417.669,378.16125,81262.0,32995.0,95798.0,5259465.0,13395289.0,3553232.0,1461548.0,187770.0,20558668.0,2157788.48,1148.12,443.95,426.51,430.1502777777778,406.889,433.01900000000006,415.7920000000001,360.50625,366.17375,366.32125,3,1,1,97.33,66.33333333333333,50.51428571428572,25.988387096774197,32.696236559139784,28.7073732718894,74.99565217391304,28.56577840112202,143.9594,39.1,2.3,0.0,405.22124808978606,406.78271565440616,389.2625232967549,399.3290793368922,10.714266545523659,14.39850000000007,27.910759279577135,105.8,89.02000000000001,97.38333333333328,41.74285714285714,47.642857142857146,46.633333333333375,72.71666666666667,53.56666666666666,64.20555555555556,77.67391304347827,67.17826086956521,73.28260869565217,0.021260512142107224,143.9288,17.771084337349397,2.48,22207986.0,train
2016-04,431.9708333333333,437.909,398.04,72482.8,23921.92,46154.8,6847524.0,16042604.0,4447144.0,1801341.0,232435.0,25303496.0,1513025.66,1182.24,432.06750000000005,414.4333333333333,435.9961111111111,417.669,422.818,420.82233333333335,378.16125,360.29625,378.9025,4,2,0,165.92000000000002,138.6,93.82857142857142,24.928666666666665,31.82111111111111,28.493809523809524,136.8521739130435,27.81173913043478,143.9001,42.3,2.11,0.0,421.9818934267829,405.22124808978606,385.98327426648433,411.3286190569917,14.756324628070804,-5.938166666666689,21.510076844181466,97.33,105.8,123.01666666666664,50.51428571428572,41.74285714285714,62.02857142857147,66.33333333333333,72.71666666666667,92.55,74.99565217391304,77.67391304347827,96.50724637681158,-0.041192169458870165,143.9594,8.184143222506378,2.3,27337272.0,train
2016-05,419.04,471.995,400.701875,47299.0,18972.0,36840.8,8320511.0,17355778.0,5147250.0,2001734.0,301347.0,28520459.0,1644796.15,1161.1,431.9708333333333,443.95,427.6927777777778,437.909,406.889,442.5243333333333,398.04,360.50625,392.30104166666666,5,2,0,646.02,742.1166666666667,479.8,22.8,29.142473118279568,26.03640552995392,620.5,25.439551192145863,145.6502,47.1,2.21,0.0,422.23140063988797,421.9818934267829,406.78271565440616,416.478180718819,9.320415894833722,-52.954999999999984,37.02077913321395,165.92000000000002,97.33,303.09,93.82857142857142,50.51428571428572,208.04761904761912,138.6,66.33333333333333,315.68333333333334,136.8521739130435,74.99565217391304,277.4492753623188,1.2161909546970495,143.9001,11.34751773049647,2.11,30823539.0,train
2016-06,392.69,462.654,389.78,74899.5,20100.0,103932.0,5037516.0,16611143.0,4026205.0,1670404.0,213000.0,23791461.0,1817563.77,1192.99,419.04,432.06750000000005,414.56694444444446,471.995,417.669,457.51933333333335,400.701875,378.16125,396.1739583333333,6,2,0,157.57,193.41666666666663,78.88571428571427,21.895,28.391666666666666,25.87238095238095,142.97391304347826,24.800289855072464,145.2836,48.5,2.41,0.0,398.23881594920863,422.23140063988797,405.22124808978606,414.1507033386265,12.105298366772416,-69.964,41.25944189313925,646.02,165.92000000000002,323.1699999999999,479.8,93.82857142857142,217.50476190476195,742.1166666666667,138.6,358.0444444444444,620.5,136.8521739130435,300.10869565217394,-0.251698933472122,145.6502,2.972399150743099,2.21,25674864.0,train
2016-07,412.8733333333334,480.6,398.08875,34791.4,26224.8,63813.0,4527300.0,13702989.0,3283520.0,1384744.0,173515.0,19955550.0,1445660.1,1160.38,392.69,431.9708333333333,408.2011111111112,462.654,437.909,471.74966666666666,389.78,398.04,396.1902083333334,7,3,0,188.35,157.33333333333334,136.1,22.06612903225807,28.2505376344086,26.352073732718896,164.3565217391304,24.983870967741936,145.407,45.1,2.43,0.0,419.5438052401468,398.23881594920863,421.9818934267829,413.33800727641443,11.570472886549062,-67.72666666666663,43.99543851105581,157.57,646.02,330.6466666666666,78.88571428571427,479.8,231.59523809523816,193.41666666666663,742.1166666666667,364.28888888888883,142.97391304347826,620.5,309.27681159420285,0.08493732258838538,145.2836,-7.010309278350513,2.41,21513809.0,train
2016-08,429.5208333333333,501.505,416.04875,40942.0,32800.0,46497.0,4080530.0,15923187.0,3252603.0,1542477.0,151224.0,21562619.0,1614345.53,1216.97,412.8733333333334,419.04,411.6947222222223,480.6,471.995,481.58633333333336,398.08875,400.701875,401.3058333333333,8,3,1,141.42000000000002,135.6,73.34285714285714,22.03741935483871,28.22043010752688,26.5036866359447,119.18260869565216,25.00967741935484,145.601,46.1,2.31,0.0,443.9476766031266,419.5438052401468,422.23140063988797,420.5767659308273,18.693170275421426,-71.98416666666668,45.94559816438209,188.35,157.57,162.44666666666663,136.1,78.88571428571427,96.10952380952385,157.33333333333334,193.41666666666663,162.11666666666662,164.3565217391304,142.97391304347826,142.17101449275356,0.1334186112085245,145.407,2.2172949002217335,2.43,23256320.0,train
2016-09,461.5883333333333,540.437,454.2675,121844.25,17860.0,52553.0,3971996.0,13005769.0,2974192.0,1039034.0,154673.0,18758250.0,1694078.68,1232.95,429.5208333333333,392.69,434.66083333333336,501.505,462.654,507.514,416.04875,389.78,422.8016666666667,9,3,1,100.88,115.23333333333332,51.142857142857146,22.107333333333333,28.11888888888889,27.18,89.48695652173912,25.21942028985507,145.7849,46.2,2.33,0.0,466.9119579690753,443.9476766031266,398.23881594920863,443.46781327078287,29.757144793244553,-78.8486666666667,47.77706835930037,141.42000000000002,188.35,143.54999999999995,73.34285714285714,136.1,86.8619047619048,135.6,157.33333333333334,136.05555555555551,119.18260869565216,164.3565217391304,124.34202898550718,0.12630407758187356,145.601,0.2169197396963085,2.31,19951957.0,train
2016-10,516.6291666666667,572.7470000000001,482.810625,45551.41,10175.0,42756.08,3390811.0,12977917.0,2336707.0,1106407.0,114087.0,17484941.0,1527125.79,1241.12,461.5883333333333,412.8733333333334,469.2461111111111,540.437,480.6,538.2296666666667,454.2675,398.08875,451.0422916666666,10,4,0,188.51,132.20000000000002,154.12857142857143,22.485806451612905,28.811290322580646,27.0926267281106,163.3565217391304,25.538008415147264,146.8723,49.7,2.39,0.0,507.7448531321829,466.9119579690753,419.5438052401468,472.8681625681282,37.50941988225601,-56.11783333333335,45.42660110300368,100.88,141.42000000000002,143.6033333333333,51.142857142857146,73.34285714285714,92.87142857142862,115.23333333333332,135.6,127.67777777777773,89.48695652173912,119.18260869565216,124.00869565217386,0.7458934361514791,145.7849,7.575757575757569,2.33,18705435.0,train
2016-11,557.3225,604.7470000000001,486.835,46184.0,440.0,69759.0,5921708.0,17904691.0,3885703.0,1629246.0,200491.0,25882366.0,1361572.8,1329.59,516.6291666666667,429.5208333333333,511.8466666666666,572.7470000000001,501.505,572.6436666666667,482.810625,416.04875,474.63770833333336,11,4,0,424.4,358.7,267.5571428571429,21.80933333333333,28.495,24.319523809523808,359.52608695652174,24.317391304347822,147.771,46.4,2.68,0.0,515.2521741577378,507.7448531321829,443.9476766031266,496.6363284196653,33.84059571579468,-47.42450000000008,59.33072644156094,188.51,100.88,237.92999999999995,154.12857142857143,51.142857142857146,157.60952380952384,132.20000000000002,115.23333333333332,202.0444444444444,163.3565217391304,89.48695652173912,204.123188405797,0.6118920994632626,146.8723,-6.639839034205242,2.39,27712102.0,train
2016-12,560.295,599.759,512.76,54317.0,4780.0,101621.0,6142174.0,16589737.0,4447784.0,1697202.0,245543.0,25236952.0,1368877.42,1282.8,557.3225,461.5883333333333,544.7488888888889,604.7470000000001,540.437,592.4176666666667,486.835,454.2675,494.1352083333333,12,4,0,108.88,89.11666666666667,67.82857142857142,22.098064516129035,28.886559139784943,24.57880184331797,91.2304347826087,24.623983169705472,148.882,54.1,2.67,0.0,531.412632654712,515.2521741577378,466.9119579690753,518.1365533148776,27.450141072513237,-39.464000000000055,43.56185166327683,424.4,188.51,240.5966666666666,267.5571428571429,154.12857142857143,163.1714285714286,358.7,132.20000000000002,193.33888888888885,359.52608695652174,163.3565217391304,204.7043478260869,0.7518389941193027,147.771,16.594827586206897,2.68,27179695.0,train
2017-01,613.1983333333334,603.1859999999999,546.941875,31986.5,15125.0,95075.0,4627708.0,14263667.0,2795115.0,1426359.0,159822.0,20100309.0,1231882.89,1263.36,560.295,516.6291666666667,576.9386111111111,599.759,572.7470000000001,602.564,512.76,482.810625,515.5122916666666,1,1,0,119.16,126.8,164.95714285714286,20.85806451612903,30.27043010752688,23.4036866359447,135.09130434782608,24.08821879382889,150.0946,54.9,3.05,0.0,567.8299663103859,531.412632654712,507.7448531321829,538.1649243742786,26.737226419378633,10.012333333333459,35.715465106566334,108.88,424.4,217.47999999999993,67.82857142857142,267.5571428571429,166.7809523809524,89.11666666666667,358.7,191.53888888888886,91.2304347826087,359.52608695652174,195.2826086956521,0.8144705202778102,148.882,1.4787430683918634,2.67,21686490.0,train
2017-02,605.3208333333333,608.388,538.94125,46976.0,26100.0,26129.0,3993644.0,11905178.0,2714105.0,1161879.0,137153.0,17313894.0,1390889.76,1327.99,613.1983333333334,557.3225,592.9380555555556,603.1859999999999,604.7470000000001,603.7776666666667,546.941875,486.835,532.8810416666666,2,1,1,67.17,52.833333333333336,60.85714285714285,21.033571428571427,30.674404761904764,23.97091836734694,61.50869565217391,24.44254658385093,150.8173,55.5,3.06,0.0,588.6444653789291,567.8299663103859,515.2521741577378,562.629021448009,33.47506696061448,-3.067166666666708,39.23966462741191,119.16,108.88,98.4033333333333,164.95714285714286,67.82857142857142,97.88095238095241,126.8,89.11666666666667,89.5833333333333,135.09130434782608,91.2304347826087,95.9434782608695,0.48149633631056066,150.0946,1.0928961748633892,3.05,18612927.0,train
2017-03,636.6033333333334,652.999,595.433125,132207.5,1770.0,64242.0,6046666.0,16032936.0,4497762.0,1911436.0,308287.0,24357641.0,1794019.93,1417.09,605.3208333333333,560.295,618.3741666666666,608.388,599.759,621.5243333333334,538.94125,512.76,560.4387499999999,3,1,1,115.1,124.08333333333331,116.74285714285712,22.02354838709677,30.993010752688168,25.38571428571429,117.94347826086955,25.386676016830293,151.4275,52.0,2.92,0.0,623.4066690608979,588.6444653789291,531.412632654712,593.293700250071,38.508691299047435,-16.39566666666667,29.658146447393225,67.17,119.16,100.47666666666663,60.85714285714285,164.95714285714286,114.18571428571431,52.833333333333336,126.8,101.23888888888884,61.50869565217391,135.09130434782608,104.84782608695645,0.4045954940182783,150.8173,-6.3063063063063085,3.06,26577364.0,train
2017-04,636.235,670.379,606.013125,85904.0,18640.0,23523.22,8385882.0,19259103.0,5299646.0,2254365.0,329048.0,30361218.0,1321051.88,1347.88,636.6033333333334,613.1983333333334,626.0530555555556,652.999,603.1859999999999,643.922,595.433125,546.941875,580.1291666666666,4,2,0,111.42,152.23333333333332,75.31428571428572,23.099666666666668,31.168333333333333,27.34190476190476,111.07826086956524,26.495652173913044,151.7595,53.0,2.87,0.0,635.6534955803875,623.4066690608979,567.8299663103859,615.9015433400715,31.2120287547375,-34.144000000000005,32.202847516514396,115.1,67.17,97.89666666666663,116.74285714285712,60.85714285714285,84.30476190476193,124.08333333333331,52.833333333333336,109.71666666666663,117.94347826086955,61.50869565217391,96.84347826086952,0.21924683429364045,151.4275,1.9230769230769162,2.92,32944631.0,train
2017-05,556.7875,674.351,576.705,63062.0,4778.0,88248.0,7660280.0,17098402.0,4958316.0,2130273.0,308385.0,27278341.0,1674496.64,1382.46,636.235,605.3208333333333,609.8752777777778,670.379,608.388,665.9096666666667,606.013125,538.94125,592.7170833333333,5,2,0,342.61,288.05,152.5142857142857,21.53903225806452,30.04193548387097,26.187557603686635,270.5217391304348,25.171949509116413,152.3344,50.9,2.94,0.0,571.6470532199785,635.6534955803875,588.6444653789291,610.235739287088,29.767206509910586,-117.56349999999998,62.91876330435936,111.42,115.1,189.70999999999995,75.31428571428572,116.74285714285712,114.85714285714289,152.23333333333332,124.08333333333331,188.12222222222218,111.07826086956524,117.94347826086955,166.51449275362316,0.37882307203171983,151.7595,-3.9622641509433953,2.87,29716998.0,train
2017-06,531.74,648.784,531.425,79677.24,0.0,75384.8,5144371.0,18154054.0,3941501.0,1680841.0,274723.0,25284361.0,1667982.73,1331.92,556.7875,636.6033333333334,574.9208333333332,674.351,652.999,664.5046666666667,576.705,595.433125,571.3810416666666,6,2,0,204.82,248.95,79.58571428571429,20.022,28.64,25.45523809523809,178.2173913043478,23.92376811594203,152.8307,46.9,3.14,0.0,531.5868599278069,571.6470532199785,623.4066690608979,579.6291362427243,48.124342720468015,-117.04399999999998,67.66650087253909,342.61,111.42,219.61666666666665,152.5142857142857,75.31428571428572,102.4714285714286,288.05,152.23333333333332,229.74444444444438,270.5217391304348,111.07826086956524,186.6057971014492,0.32579640580199243,152.3344,-7.858546168958746,2.94,27239926.0,train
2017-07,555.1858333333333,617.682,516.589375,68841.98,15540.0,73121.77,4889831.0,17084912.0,3735752.0,1852363.0,190811.0,23667322.0,1682688.73,1411.05,531.74,636.235,547.9044444444445,648.784,670.379,646.939,531.425,606.013125,541.573125,7,3,0,158.86,196.9,60.5,20.193548387096776,29.14892473118279,26.189400921658983,138.84782608695653,24.354558204768583,153.666,48.7,2.99,0.0,543.4334089049336,531.5868599278069,635.6534955803875,548.8891073509063,46.52275719197452,-62.49616666666668,51.01499170716902,204.82,342.61,235.42999999999995,79.58571428571429,152.5142857142857,97.53333333333337,248.95,288.05,244.6333333333333,178.2173913043478,270.5217391304348,195.86231884057966,0.5465524923984555,152.8307,3.837953091684443,3.14,25710495.0,train
2017-08,582.105,629.571,524.23625,71717.0,16815.0,66102.0,4177946.0,17281482.0,3401523.0,1901940.0,210656.0,22748356.0,1475362.55,1445.42,555.1858333333333,556.7875,556.343611111111,617.682,674.351,632.0123333333333,516.589375,576.705,524.0835416666666,8,3,1,297.04,294.51666666666665,115.32857142857142,19.905806451612907,28.632795698924728,25.24009216589862,241.0782608695652,23.80589060308555,153.193,51.4,2.9,0.0,562.5291025744662,543.4334089049336,571.6470532199785,545.8497904690689,18.13462263073231,-47.46600000000001,52.75291925591258,158.86,204.82,220.23999999999998,60.5,79.58571428571429,85.13809523809527,196.9,248.95,246.78888888888886,138.84782608695653,178.2173913043478,186.04782608695646,-0.30781044603229724,153.666,5.544147843942504,2.99,24860951.0,train
2017-09,615.2483333333333,656.656,549.95,64857.0,3645.0,66995.0,4822555.0,17311333.0,3601988.0,1841958.0,197702.0,23696217.0,1267950.54,1468.16,582.105,531.74,584.1797222222223,629.571,648.784,634.6363333333334,524.23625,531.425,530.2585416666667,9,3,1,240.88,294.6166666666667,131.52857142857144,20.101333333333333,28.50555555555556,24.65,221.61739130434785,23.678115942028988,152.8974,55.2,2.96,0.0,584.0761974434859,562.5291025744662,531.5868599278069,563.3462363076286,22.9739938657309,-41.407666666666614,53.7968983475331,297.04,158.86,232.26,115.32857142857142,60.5,102.452380952381,294.51666666666665,196.9,262.0111111111111,241.0782608695652,138.84782608695653,200.51449275362313,-0.19295920831892133,153.193,7.3929961089494345,2.9,25735876.0,train
2017-10,651.6708333333333,659.553,563.995625,74387.0,,60806.8,4973080.0,17062971.0,3683394.0,1893190.0,215325.0,23610930.0,1544887.37,1410.78,615.2483333333333,555.1858333333333,616.3413888888889,656.656,617.682,648.5933333333332,549.95,516.589375,546.060625,10,4,0,282.78000000000003,324.46666666666664,248.78571428571428,20.322258064516127,28.608064516129037,24.767281105990783,283.3086956521739,23.836605890603085,153.5262,57.6,3.06,0.0,625.0731527777779,584.0761974434859,543.4334089049336,590.5594842652433,35.04558390670717,-7.882166666666649,53.04130878310026,240.88,297.04,273.56666666666666,131.52857142857144,115.32857142857142,165.21428571428575,294.6166666666667,294.51666666666665,304.5333333333333,221.61739130434785,241.0782608695652,248.66811594202895,0.4112561757099842,152.8974,4.347826086956519,2.96,25719445.0,train
2017-11,648.3725,635.1270000000001,548.714375,71843.0,1425.0,80985.0,5193621.0,16219347.0,3568752.0,1785186.0,181147.0,23015386.0,1428638.65,1373.48,651.6708333333333,582.105,638.4305555555555,659.553,629.571,650.4453333333333,563.995625,524.23625,554.2199999999999,11,4,0,363.06,404.51666666666665,375.7142857142857,20.289666666666665,28.689444444444444,23.35047619047619,377.7260869565218,23.41246376811594,153.6599,62.6,2.98,0.0,595.9282163191315,625.0731527777779,562.5291025744662,601.6925221801317,26.080299607409966,13.245499999999879,54.12073987569559,282.78000000000003,240.88,295.57333333333327,248.78571428571428,131.52857142857144,252.00952380952387,324.46666666666664,294.6166666666667,341.2,283.3086956521739,221.61739130434785,294.21739130434776,0.08708611298917646,153.5262,8.680555555555557,3.06,24981720.0,train
2017-12,643.1925,633.365,542.656875,29202.0,,39066.0,4728015.0,15748232.0,3456739.0,1965886.0,148694.0,21818406.0,1327514.94,1390.46,648.3725,615.2483333333333,647.7452777777777,635.1270000000001,656.656,642.6816666666667,548.714375,549.95,551.7889583333334,12,4,0,134.89,135.29999999999998,98.64285714285714,20.60258064516129,29.2252688172043,23.09400921658986,123.96521739130434,23.610238429172508,153.1506,64.2,2.79,0.0,606.4047916666667,595.9282163191315,584.0761974434859,609.1353869211921,17.38649015006603,9.827499999999986,55.42555907311813,363.06,282.78000000000003,260.24333333333334,375.7142857142857,248.78571428571428,241.04761904761907,404.51666666666665,324.46666666666664,288.0944444444444,377.7260869565218,283.3086956521739,261.6666666666666,-0.33144626542123135,153.6599,2.5559105431310014,2.98,23932986.0,train
2018-01,637.6475,657.558,557.373125,34209.0,1681.0,1681.0,5177373.0,16087615.0,3278129.0,1961741.0,162632.0,22418745.0,1276827.8,1412.11,643.1925,651.6708333333333,643.0708333333333,633.365,659.553,642.0166666666668,542.656875,563.995625,549.5814583333333,1,1,0,36.95,49.88333333333333,54.457142857142856,20.98774193548387,30.07204301075269,23.3705069124424,45.65217391304348,24.08274894810659,153.8016,69.0,2.96,0.0,634.9467022071544,606.4047916666667,625.0731527777779,612.4265700643176,17.659425093028528,-19.910499999999956,53.03679928542739,134.89,363.06,178.29999999999995,98.64285714285714,375.7142857142857,176.27142857142863,135.29999999999998,404.51666666666665,196.56666666666663,123.96521739130434,377.7260869565218,182.44782608695644,0.4250717920791791,153.1506,7.476635514018692,2.79,24543117.0,train
2018-02,642.8308333333333,647.039,558.99625,65042.0,1035.0,48801.0,5032947.0,12957173.0,3192765.0,1736144.0,196710.0,19250032.0,1355738.15,1433.0,637.6475,648.3725,641.2236111111112,657.558,635.1270000000001,645.9873333333334,557.373125,548.714375,553.00875,2,1,1,113.45,85.16666666666667,103.14285714285714,22.014642857142857,31.1875,24.582142857142856,102.93478260869566,25.1889751552795,154.8579,65.4,2.99,0.0,607.2552135562655,634.9467022071544,595.9282163191315,616.2022358100289,16.690027353708288,-4.208166666666671,49.66130595834571,36.95,134.89,95.09666666666662,54.457142857142856,98.64285714285714,85.41428571428575,49.88333333333333,135.29999999999998,90.11666666666663,45.65217391304348,123.96521739130434,90.85072463768108,0.6867938955121389,153.8016,-5.217391304347818,2.96,21182885.0,train
2018-03,596.9391666666667,635.249,557.465,88605.0,23815.0,108636.0,6257310.0,18261664.0,4089117.0,2178322.0,299492.0,26130277.0,1607885.93,1466.07,642.8308333333333,643.1925,625.8058333333333,647.039,633.365,646.6153333333333,558.99625,542.656875,557.9447916666667,3,1,1,137.45999999999998,134.81666666666666,139.85714285714286,21.954516129032257,31.29408602150537,25.176497695852536,137.5,25.371528751753157,155.7288,66.5,2.81,0.0,581.6671682175557,607.2552135562655,606.4047916666667,607.9563613269919,21.770754922427038,-38.30983333333336,38.89345236252402,113.45,36.95,95.9533333333333,103.14285714285714,54.457142857142856,99.152380952381,85.16666666666667,49.88333333333333,89.95555555555553,102.93478260869566,45.65217391304348,95.36231884057963,0.5623865492170532,154.8579,1.6819571865443361,2.99,28608091.0,train
2018-04,557.2383333333333,636.057,543.176875,25909.0,61506.0,62936.0,7461180.0,15684552.0,4872604.0,2171091.0,258775.0,25588470.0,1226710.56,1409.77,596.9391666666667,637.6475,599.0027777777777,635.249,657.558,639.4483333333334,557.465,557.373125,553.2127083333334,4,2,0,148.94,213.3166666666667,111.74285714285712,22.37,31.105,25.902380952380952,154.41304347826087,25.72376811594203,156.1354,71.6,2.69,0.0,583.5956503470768,581.6671682175557,634.9467022071544,590.8393440402994,24.934413721830516,-78.81866666666667,50.06133645437167,137.45999999999998,113.45,133.2833333333333,139.85714285714286,103.14285714285714,118.24761904761908,134.81666666666666,85.16666666666667,144.4333333333333,137.5,102.93478260869566,131.61594202898542,0.26109492913319876,155.7288,7.6691729323308255,2.81,28018336.0,train
2018-05,538.2425,629.213,523.666875,67652.0,71119.0,60519.0,7404751.0,19770446.0,5359935.0,2407995.0,259584.0,29867554.0,1462290.96,1395.59,557.2383333333333,642.8308333333333,564.14,636.057,647.039,633.5063333333334,543.176875,558.99625,541.43625,5,2,0,393.41,437.0833333333333,249.27142857142857,20.975161290322585,29.105913978494623,24.82672811059908,360.9347826086956,24.26844319775596,157.8994,76.7,2.62,0.0,566.2801774555923,583.5956503470768,607.2552135562655,577.1809986734083,16.915921268747056,-90.97050000000002,57.195665944350246,148.94,137.45999999999998,226.60333333333327,111.74285714285712,139.85714285714286,166.95714285714288,213.3166666666667,134.81666666666666,261.7388888888889,154.41304347826087,137.5,217.61594202898542,1.1297886321743889,156.1354,7.12290502793298,2.69,32535132.0,train
2018-06,493.86,583.52,476.361875,54132.0,1780.0,64742.0,4782273.0,14854870.0,3629481.0,1751325.0,224565.0,21055512.0,1736725.04,1379.3,538.2425,596.9391666666667,529.7802777777778,629.213,635.249,616.2633333333333,523.666875,557.465,514.401875,6,2,0,383.61,333.1166666666667,127.6857142857143,19.66466666666667,28.39222222222222,24.327142857142857,292.54782608695655,23.360434782608696,159.0711,75.2,2.52,0.0,485.79338962031926,566.2801774555923,581.6671682175557,545.2230724743295,46.34606309359445,-89.65999999999997,57.48617766041857,393.41,148.94,308.6533333333333,249.27142857142857,111.74285714285712,162.9,437.0833333333333,213.3166666666667,327.8388888888889,360.9347826086956,154.41304347826087,269.2985507246376,0.7420547513163456,157.8994,-1.9556714471968717,2.62,23266624.0,train
2018-07,518.0216666666666,555.347,484.21625,75248.0,139490.0,82643.0,3816781.0,16520444.0,3587480.0,1709518.0,166511.0,22048676.0,1487910.44,1504.9,493.86,557.2383333333333,516.7080555555556,583.52,636.057,589.36,476.361875,543.176875,494.7483333333333,7,3,0,398.47,214.9333333333333,127.17142857142856,19.24,28.396236559139783,24.37327188940092,268.0217391304348,23.190883590462832,159.3375,74.4,2.49,0.0,526.1349277596194,485.79338962031926,583.5956503470768,526.0694982785103,43.66925523526253,-37.32533333333333,35.5798873429308,383.61,393.41,391.8299999999999,127.6857142857143,249.27142857142857,168.04285714285717,333.1166666666667,437.0833333333333,328.3777777777778,292.54782608695655,360.9347826086956,307.1681159420289,0.1674722812629037,159.0711,-1.0638297872340385,2.52,23924705.0,train
2018-08,561.055,538.9689999999999,485.57125,61436.0,29632.0,50442.0,3690803.0,14857009.0,3015980.0,1698536.0,181731.0,19683525.0,1434029.77,1506.41,518.0216666666666,538.2425,524.3122222222222,555.347,629.213,559.2786666666666,484.21625,523.666875,482.0497916666666,8,3,1,487.0,197.21666666666667,175.44285714285712,19.18774193548387,28.172043010752688,24.36036866359447,316.58260869565214,23.105750350631133,160.3539,73.1,2.4,0.0,529.5236335276658,526.1349277596194,566.2801774555923,513.8173169692014,32.90398262260068,22.086000000000013,38.80916475766384,398.47,383.61,423.02666666666664,127.17142857142856,127.6857142857143,143.43333333333337,214.9333333333333,333.1166666666667,248.42222222222222,268.0217391304348,292.54782608695655,292.38405797101444,0.6378912685337745,159.3375,-1.74731182795701,2.49,21563792.0,train
2018-09,564.73,545.042,480.255625,64422.0,5402.0,59355.0,4063313.0,12075127.0,3248922.0,1659235.0,187611.0,17540516.0,1439668.04,1476.05,561.055,493.86,547.9355555555557,538.9689999999999,583.52,546.4526666666667,485.57125,476.361875,483.3477083333333,9,3,1,307.69,196.4,207.6142857142857,20.61133333333333,29.36666666666667,25.46047619047619,248.2,24.371159420289853,164.4153,78.9,2.41,0.0,525.092511676627,529.5236335276658,485.79338962031926,526.9170243213041,20.648647504070784,19.687999999999988,44.198061347532075,487.0,398.47,397.71999999999997,175.44285714285712,127.17142857142856,170.07619047619048,197.21666666666667,214.9333333333333,202.85,316.58260869565214,268.0217391304348,277.60144927536226,2.532772823111884,160.3539,7.934336525307817,2.4,19387362.0,train
2018-10,602.3425000000001,602.212,528.989375,69915.0,26875.0,36870.0,7160247.0,17475453.0,5078431.0,2810260.0,253737.0,26650134.0,1440826.88,1592.8,564.73,518.0216666666666,576.0425,545.042,555.347,562.0743333333334,480.255625,484.21625,498.2720833333333,10,4,0,678.17,455.6833333333334,583.2428571428571,20.816129032258065,28.7,23.921658986175117,591.2391304347826,23.817952314165492,171.2249,80.5,2.42,0.0,582.0818617667965,525.092511676627,526.1349277596194,545.5660023236965,27.647208423080748,0.13050000000009732,42.31282467016012,307.69,487.0,490.9533333333333,207.6142857142857,175.44285714285712,322.1,196.4,197.21666666666667,283.1,248.2,316.58260869565214,385.3405797101448,4.141707006586359,164.4153,2.027883396704677,2.41,29714131.0,train
2018-11,534.4191666666667,619.605,518.44875,65397.0,13825.0,67295.0,4924348.0,16131773.0,3836784.0,1858128.0,184429.0,22850347.0,1339505.09,1634.41,602.3425000000001,561.055,567.1638888888889,602.212,538.9689999999999,588.953,528.989375,485.57125,509.23125,11,4,0,503.96,338.8833333333334,384.3571428571428,20.616,28.99333333333333,23.52285714285714,424.495652173913,23.686086956521734,176.8496,65.2,2.36,0.0,535.1219175846489,582.0818617667965,529.5236335276658,547.4320970093576,26.405419811464622,-85.18583333333333,54.38177900005339,678.17,307.69,496.6066666666666,583.2428571428571,207.6142857142857,391.73809523809524,455.6833333333334,196.4,330.32222222222225,591.2391304347826,248.2,421.31159420289845,3.2849778274071317,171.2249,-19.00621118012422,2.42,24892905.0,train
2018-12,556.0233333333333,595.682,503.516875,37857.0,20180.0,46778.0,5198619.0,17167184.0,3941351.0,2075590.0,224980.0,24006583.0,1470676.61,1479.74,534.4191666666667,564.73,564.2616666666668,619.605,545.042,605.833,518.44875,480.255625,516.985,12,4,0,175.85,112.35,137.0142857142857,20.773225806451613,29.2994623655914,23.17741935483871,147.46521739130435,23.72917251051893,180.098,56.5,2.3,0.0,540.2256401159185,535.1219175846489,525.092511676627,552.476473155788,25.100820396755296,-39.658666666666704,46.23156979588995,503.96,678.17,452.6599999999999,384.3571428571428,583.2428571428571,368.2047619047619,338.8833333333334,455.6833333333334,302.3055555555556,424.495652173913,591.2391304347826,387.7333333333332,1.8368150111733428,176.8496,-13.34355828220859,2.36,26307154.0,train
2019-01,577.1750000000001,612.283,502.365625,96514.0,21400.0,45077.5,4862498.0,14722855.0,3767130.0,1808956.0,219746.0,21323780.0,1483047.59,1521.2,556.0233333333333,602.3425000000001,555.8725000000001,595.682,602.212,609.19,503.516875,528.989375,508.1104166666666,1,1,0,94.35,49.38333333333333,117.61428571428571,20.99290322580645,30.22849462365592,23.108294930875577,89.7,24.046002805049085,182.1277,59.3,2.26,0.0,561.0949688231442,540.2256401159185,582.0818617667965,545.4808421745705,21.474414192456795,-35.10799999999995,56.14095887255764,175.85,503.96,258.05333333333334,137.0142857142857,384.3571428571428,212.99523809523808,112.35,338.8833333333334,166.87222222222223,147.46521739130435,424.495652173913,220.5536231884057,1.1269975235705054,180.098,4.955752212389375,2.3,23352483.0,train
2019-02,555.9208333333333,613.172,509.44375,56358.0,3914.0,65321.0,4220161.0,14104688.0,3391721.0,1632464.0,227088.0,19857018.0,1438409.51,1560.7,577.1750000000001,534.4191666666667,563.0397222222222,612.283,619.605,607.0456666666668,502.365625,518.44875,505.10874999999993,2,1,1,267.41,197.4333333333333,195.75714285714284,21.484285714285715,30.736904761904764,23.967857142857145,227.34782608695653,24.65388198757764,178.7331,64.1,2.16,0.0,533.5322567877986,561.0949688231442,535.1219175846489,544.9509552422871,12.725328258940873,-57.25116666666668,51.95729850548839,94.35,175.85,179.20333333333335,117.61428571428571,137.0142857142857,150.12857142857146,49.38333333333333,112.35,119.72222222222221,89.7,147.46521739130435,154.8376811594202,-1.8638570629289197,182.1277,8.09443507588532,2.26,21716570.0,train
2019-03,551.1069230769231,617.2909999999999,513.50125,68747.0,20871.0,70967.0,5701796.0,18212707.0,4441894.0,1966264.0,252638.0,26137495.0,1894453.13,1548.42,555.9208333333333,556.0233333333333,561.4009188034188,613.172,595.682,614.2486666666667,509.44375,503.516875,508.43687499999993,3,1,1,112.9,68.23333333333333,65.75714285714285,22.39,32.2489247311828,26.17926267281106,86.9,26.115147265077137,178.4298,66.4,2.13,0.0,543.0897737056339,533.5322567877986,540.2256401159185,545.9056664388589,11.77486658765518,-66.18407692307687,52.546536344448455,267.41,94.35,158.22,195.75714285714284,117.61428571428571,126.3761904761905,197.4333333333333,49.38333333333333,105.01666666666665,227.34782608695653,89.7,134.64927536231878,-0.1696943655092431,178.7331,3.588143525741039,2.16,28356397.0,train
2019-04,521.3016666666666,612.501,506.926875,18054.0,8975.0,20177.0,5308112.0,14568095.0,3760269.0,1516381.0,224105.0,21895989.0,1278959.91,1493.6,551.1069230769231,577.1750000000001,542.7764743589743,617.2909999999999,612.283,614.3213333333333,513.50125,502.365625,509.9572916666666,4,2,0,256.61,183.98333333333332,157.21428571428572,22.616333333333333,31.89555555555556,26.73190476190476,207.41304347826087,26.289565217391303,174.8012,71.2,2.26,0.0,532.4967233376053,543.0897737056339,561.0949688231442,536.3729179436793,13.24883946513491,-91.19933333333336,57.256511864619874,112.9,267.41,212.3066666666667,65.75714285714285,195.75714285714284,139.5761904761905,68.23333333333333,197.4333333333333,149.88333333333333,86.9,227.34782608695653,173.88695652173908,-2.0336289117624973,178.4298,7.2289156626506035,2.13,23636476.0,train
2019-05,494.60833333333335,574.338,475.06875,97847.0,23444.0,121993.0,8090527.0,20396821.0,5764378.0,2434286.0,328743.0,31488697.0,1614873.85,1538.56,521.3016666666666,555.9208333333333,522.3389743589743,612.501,613.172,601.3766666666667,506.926875,509.44375,498.4989583333333,5,2,0,118.91,158.23333333333332,65.74285714285715,21.95064516129032,30.107526881720432,26.95115207373272,112.98695652173912,25.600420757363253,176.4447,70.5,2.39,0.0,492.4934795646926,532.4967233376053,533.5322567877986,522.6933255359774,22.45190582923882,-79.72966666666662,52.58801995889136,256.61,112.9,162.80666666666664,157.21428571428572,65.75714285714285,96.23809523809528,183.98333333333332,68.23333333333333,136.81666666666666,207.41304347826087,86.9,135.7666666666666,0.9402109367670386,174.8012,-0.98314606741573,2.26,34251726.0,train
2019-06,458.7316666666666,524.1099999999999,430.405,52610.0,18284.0,87456.0,6343167.0,16627289.0,4560392.0,1936335.0,282543.0,25311970.0,1505164.41,1571.16,494.60833333333335,551.1069230769231,491.5472222222222,574.338,617.2909999999999,570.3163333333332,475.06875,513.50125,470.8002083333333,6,2,0,221.28000000000003,259.53333333333336,74.2,20.517666666666667,29.606666666666666,26.32,186.49565217391304,24.654637681159414,176.5889,63.3,2.16,0.0,450.6359324492158,492.4934795646926,543.0897737056339,491.8753784505047,42.10444682346013,-65.37833333333327,48.05787056402046,118.91,256.61,198.93333333333337,65.74285714285715,157.21428571428572,99.05238095238099,158.23333333333332,183.98333333333332,200.58333333333334,112.98695652173912,207.41304347826087,168.96521739130426,0.08172532243813091,176.4447,-10.212765957446813,2.39,27530848.0,train
2019-07,440.96333333333337,538.182,410.723125,63000.0,51892.0,33134.0,5379462.0,16610767.0,3983081.0,1971711.0,206559.0,23795040.0,1556590.29,1477.38,458.7316666666666,521.3016666666666,464.7677777777778,524.1099999999999,612.501,545.5433333333334,430.405,506.926875,438.7322916666666,7,3,0,217.1,191.26666666666665,76.67142857142858,20.64451612903226,29.412365591397847,26.313364055299537,167.6217391304348,24.657082748948103,175.9902,64.0,2.0,0.0,468.2753730273736,450.6359324492158,532.4967233376053,470.46826168042736,35.44426520560652,-97.21866666666665,66.59792810184798,221.28000000000003,118.91,185.76333333333332,74.2,65.74285714285715,72.20476190476195,259.53333333333336,158.23333333333332,203.0111111111111,186.49565217391304,112.98695652173912,155.70144927536225,-0.3390360322760966,176.5889,1.1058451816745807,2.16,25973310.0,train
2019-08,444.0308333333333,544.2479999999999,435.739375,62338.0,34599.0,96940.0,4871773.0,17442073.0,3887641.0,2213704.0,211205.0,23776578.0,1818625.54,1581.45,440.96333333333337,494.60833333333335,447.9086111111112,538.182,574.338,535.5133333333332,410.723125,475.06875,425.6225,8,3,1,402.67,447.31666666666666,153.18571428571428,19.536451612903225,28.24301075268817,24.66635944700461,338.38695652173914,23.36900420757363,177.9705,59.3,2.11,0.0,457.7696459757131,468.2753730273736,492.4934795646926,458.8936504841008,18.295549521136582,-100.21716666666663,60.39639955518658,217.1,221.28000000000003,280.35,76.67142857142858,74.2,101.35238095238098,191.26666666666665,259.53333333333336,299.3722222222222,167.6217391304348,186.49565217391304,230.8347826086956,1.1252331095708668,175.9902,-7.343750000000004,2.0,26201487.0,train
2019-09,440.4308333333333,546.42,441.734375,31546.0,85922.0,25540.0,3879344.0,14770567.0,3268112.0,1813975.0,144488.0,19959561.0,1730911.26,1573.59,444.0308333333333,458.7316666666666,441.8083333333334,544.2479999999999,524.1099999999999,542.9499999999999,435.739375,430.405,429.39895833333327,9,3,1,255.82,349.5833333333333,192.4857142857143,20.323666666666664,28.375,24.849047619047617,261.004347826087,23.80130434782609,180.7752,62.3,2.22,0.0,504.3439964605709,457.7696459757131,450.6359324492158,476.796338487886,23.85211711912226,-105.98916666666668,60.8200662517613,402.67,217.1,291.8633333333333,153.18571428571428,76.67142857142858,140.7809523809524,447.31666666666666,191.26666666666665,329.3888888888889,338.38695652173914,167.6217391304348,255.67101449275356,1.5759353375981,177.9705,5.059021922428331,2.11,21918023.0,train
2019-10,464.2025,560.767,438.284375,71914.0,68980.0,90256.0,3568579.0,14345677.0,3349151.0,2036804.0,169032.0,19057572.0,1630602.02,1523.86,440.4308333333333,440.96333333333337,449.5547222222222,546.42,538.182,550.4783333333334,441.734375,410.723125,438.5860416666666,10,4,0,572.9300000000001,555.35,512.5428571428572,20.371290322580645,28.52311827956989,23.53963133640553,549.9652173913043,23.46213183730715,181.4511,59.4,2.34,0.0,482.8992463551807,504.3439964605709,468.2753730273736,481.67096293048826,20.17778855936598,-96.56450000000007,64.54771528445227,255.82,402.67,410.47333333333336,192.4857142857143,153.18571428571428,286.0714285714286,349.5833333333333,447.31666666666666,450.75,261.004347826087,338.38695652173914,383.11884057971,0.37388978134167417,180.7752,-4.65489566613162,2.22,21263407.0,train
2019-11,522.6241666666666,599.726,494.2425,27645.0,59730.0,60075.0,6550656.0,13315362.0,4160108.0,2276500.0,240518.0,21509109.0,1379897.74,1650.15,464.2025,444.0308333333333,475.75250000000005,560.767,544.2479999999999,568.971,438.284375,435.739375,458.0870833333333,11,4,0,288.03000000000003,260.3333333333333,221.82857142857145,21.108,29.47833333333333,23.96952380952381,260.6565217391304,24.16246376811594,180.3729,62.7,2.3,0.0,542.2936402509325,482.8992463551807,457.7696459757131,509.8456276888948,35.791897760639394,-77.10183333333339,54.58476661485463,572.9300000000001,255.82,372.26,512.5428571428572,192.4857142857143,308.952380952381,555.35,349.5833333333333,388.4222222222222,549.9652173913043,261.004347826087,357.20869565217384,-0.5942096796326957,181.4511,5.555555555555558,2.34,24026126.0,train
2019-12,531.6741666666667,621.45,476.598125,32907.0,61384.0,17370.0,4270633.0,14784992.0,2838194.0,1977641.0,135463.0,19780714.0,1436643.5,1554.79,522.6241666666666,440.4308333333333,506.1669444444445,599.726,546.42,593.981,494.2425,441.734375,469.70833333333326,12,4,0,313.52,160.86666666666665,299.92857142857144,21.009032258064515,29.38010752688172,23.160368663594472,269.5608695652174,23.847545582047687,181.2539,65.9,2.21,0.0,572.4594803355693,542.2936402509325,504.3439964605709,532.5507889805609,39.78952894009987,-89.77583333333337,73.1153612534996,288.03000000000003,572.9300000000001,391.49333333333334,221.82857142857145,512.5428571428572,344.7666666666667,260.3333333333333,555.35,325.51666666666665,260.6565217391304,549.9652173913043,360.0608695652173,0.48843257495998493,180.3729,5.10366826156301,2.3,21893819.0,train
2020-01,528.22,633.9770000000001,479.12125,64366.0,13207.9,60362.0,5085171.0,13338052.0,3519689.0,2084075.0,164633.0,19694204.0,1438994.13,1512.77,531.6741666666667,464.2025,527.5061111111112,621.45,560.767,618.3843333333333,476.598125,438.284375,483.3206249999999,1,1,0,46.33,23.46666666666667,55.07142857142857,21.914193548387097,30.96505376344086,24.1073732718894,43.02608695652174,24.94277699859748,181.4036,63.6,2.29,0.0,516.8605869160966,572.4594803355693,482.8992463551807,543.8712358341995,38.02428746754548,-105.75700000000006,79.13652086597466,313.52,288.03000000000003,215.96,299.92857142857144,221.82857142857145,192.27619047619052,160.86666666666665,260.3333333333333,148.2222222222222,269.5608695652174,260.6565217391304,191.08115942028974,0.08259132631078803,181.2539,-3.490136570561464,2.21,21942912.0,train
2020-02,552.1633333333333,633.075,524.6875,52017.0,44300.0,23765.0,4548531.0,10276682.0,3388080.0,1786826.0,166708.0,16259760.0,1579401.37,1526.28,528.22,522.6241666666666,537.3525000000001,633.9770000000001,599.726,629.5006666666667,479.12125,494.2425,493.4689583333332,2,1,1,64.8,35.53333333333333,77.34285714285714,22.73103448275862,32.510919540229885,24.842364532019705,60.98260869565218,25.924887556221886,181.5628,55.0,2.13,0.0,576.5751823545577,516.8605869160966,542.2936402509325,555.2984165354079,27.997099700839957,-80.91166666666675,56.34635358859955,46.33,313.52,141.54999999999998,55.07142857142857,299.92857142857144,144.11428571428576,23.46666666666667,160.86666666666665,73.28888888888888,43.02608695652174,269.5608695652174,124.52318840579699,0.08776011060420696,181.4036,-13.52201257861635,2.29,18213293.0,train
2020-03,557.2575,630.767,521.99125,28053.0,30900.0,2960.0,3442723.0,7395238.0,2688075.0,1457944.0,114632.0,11953462.0,1114150.22,1429.83,552.1633333333333,531.6741666666667,545.8802777777778,633.075,621.45,632.6063333333334,524.6875,476.598125,508.5999999999999,3,1,1,63.92999999999999,48.583333333333336,35.028571428571425,24.01516129032258,33.43763440860215,27.233179723502303,51.130434782608695,27.45259467040673,185.0567,33.0,1.99,0.0,592.2591224379371,576.5751823545577,572.4594803355693,561.8982972361972,32.91018057242747,-73.5095,55.49702509650856,64.8,46.33,58.35333333333333,77.34285714285714,55.07142857142857,55.814285714285745,35.53333333333333,23.46666666666667,35.861111111111114,60.98260869565218,43.02608695652174,51.71304347826075,1.9243479391152896,181.5628,-40.0,2.13,13526036.0,train
2020-04,631.7941666666667,746.219,606.6637499999999,53450.0,98970.0,22530.0,4180458.0,13563444.0,3078744.0,1692392.0,78221.0,19052033.0,754616.41,1507.65,557.2575,528.22,580.4050000000001,630.767,633.9770000000001,670.0203333333334,521.99125,479.12125,551.1141666666666,4,2,0,268.12,204.51666666666665,175.27142857142857,23.094666666666665,32.06055555555556,26.740952380952383,223.2695652173913,26.543333333333333,193.0854,23.3,2.11,0.0,693.2885220110509,592.2591224379371,516.8605869160966,620.7076089345152,73.28740089395882,-114.42483333333337,74.38665665265952,63.92999999999999,64.8,132.28333333333333,35.028571428571425,77.34285714285714,95.88095238095242,48.583333333333336,35.53333333333333,96.21111111111111,51.130434782608695,60.98260869565218,111.79420289855061,4.338508143720277,185.0567,-29.393939393939394,1.99,20822646.0,train
2020-05,644.5241666666667,746.881,584.2524999999999,53593.0,42372.0,60238.0,6788532.0,15843192.0,5971322.0,2409219.0,134572.0,26059255.0,1264845.48,1413.58,631.7941666666667,552.1633333333333,611.1919444444444,746.219,633.075,707.9556666666667,606.6637499999999,524.6875,570.9691666666666,5,2,0,345.45,301.3333333333333,215.1142857142857,21.66967741935484,29.994086021505375,25.665898617511523,294.2739130434783,25.057503506311363,187.865,31.0,1.97,0.0,649.0466091635029,693.2885220110509,576.5751823545577,644.8647512041637,53.62617707578102,-102.35683333333327,82.21681108007004,268.12,63.92999999999999,225.83333333333334,175.27142857142857,35.028571428571425,141.80476190476193,204.51666666666665,48.583333333333336,184.8111111111111,223.2695652173913,51.130434782608695,189.55797101449264,-2.7036741255423657,193.0854,33.047210300429185,2.11,28603046.0,train
2020-06,561.6081818181818,659.341,533.891875,105920.0,31900.0,24790.0,7358261.0,15512288.0,4486521.0,2333369.0,192438.0,24831263.0,1846614.14,1524.87,644.5241666666667,557.2575,612.6421717171718,746.881,630.767,717.4803333333333,584.2524999999999,521.99125,574.9360416666665,6,2,0,183.77,229.46666666666667,72.6,20.571666666666665,29.427222222222223,25.6947619047619,161.8565217391304,24.441014492753624,185.9545,39.9,1.86,0.0,576.555538401278,649.0466091635029,592.2591224379371,639.630223191944,53.63243144576081,-97.73281818181817,65.9006580349867,345.45,268.12,265.78000000000003,215.1142857142857,175.27142857142857,154.32857142857145,301.3333333333333,204.51666666666665,245.10555555555558,294.2739130434783,223.2695652173913,226.4666666666665,-1.0169536635349918,187.865,28.70967741935484,1.97,27357070.0,train
2020-07,525.7116666666667,667.7940000000001,522.6275,74665.0,46174.0,45152.0,5869909.0,16333720.0,4276074.0,2183354.0,175826.0,24120523.0,2191872.74,1507.67,561.6081818181818,631.7941666666667,577.2813383838384,659.341,746.219,691.3386666666667,533.891875,606.6637499999999,546.9239583333333,7,3,0,227.48,276.90000000000003,143.47142857142856,20.28258064516129,28.846236559139783,25.044239631336406,214.80434782608697,23.96577840112202,185.8487,42.8,1.81,0.0,564.3960132035272,576.555538401278,693.2885220110509,596.666053589436,61.07764725550547,-142.0823333333334,82.9359333579463,183.77,345.45,252.23333333333335,72.6,215.1142857142857,143.72857142857146,229.46666666666667,301.3333333333333,269.23333333333335,161.8565217391304,294.2739130434783,223.64492753623176,-0.05689563844918366,185.9545,7.268170426065157,1.86,26479703.0,train
2020-08,533.27,663.975,537.8575,51225.0,33401.0,36365.0,4138376.0,14901637.0,3416123.0,1675903.0,176107.0,20604127.0,1602420.21,1409.78,525.7116666666667,644.5241666666667,540.1966161616161,667.7940000000001,746.881,663.7033333333334,522.6275,584.2524999999999,531.4589583333333,8,3,1,288.62,214.0666666666667,117.95714285714288,20.39032258064516,29.141397849462365,25.41520737327189,217.2304347826087,24.20252454417952,184.8939,44.3,2.0,0.0,570.7314817837691,564.3960132035272,649.0466091635029,570.5610111295249,39.55570941068132,-130.70500000000004,74.17374421754644,227.48,183.77,233.29,143.47142857142856,72.6,111.3428571428572,276.90000000000003,229.46666666666667,240.14444444444447,214.80434782608697,161.8565217391304,197.96376811594192,-0.5137512395836041,185.8487,3.5046728971962704,1.81,22456136.0,train
2020-09,550.245,659.476,536.365625,29395.0,20183.8,34966.0,4219565.0,14345821.0,3471742.0,1693093.0,199752.0,20144283.0,1739436.06,1471.84,533.27,561.6081818181818,536.4088888888889,663.975,659.341,663.7483333333333,537.8575,533.891875,532.2835416666666,9,3,1,403.95,377.4166666666667,187.68571428571428,19.337333333333333,28.07055555555556,24.097619047619048,331.2086956521739,23.06434782608696,185.0317,41.1,2.03,0.0,570.5820335200982,570.7314817837691,576.555538401278,568.5698428357982,4.965579802970858,-109.231,67.4292380252949,288.62,227.48,306.68333333333334,117.95714285714288,143.47142857142856,149.70476190476197,214.0666666666667,276.90000000000003,289.4611111111111,217.2304347826087,214.80434782608697,254.4144927536231,0.0745292300070366,184.8939,-7.223476297968389,2.0,22037128.0,train
2020-10,602.47,674.618,564.069375,60848.0,20959.0,35645.0,4570641.0,15693400.0,3580748.0,1809839.0,217718.0,21817231.0,1569666.49,1558.19,550.245,525.7116666666667,561.995,659.476,667.7940000000001,666.023,536.365625,522.6275,546.0974999999999,10,4,0,248.71,155.6,101.92857142857144,20.15225806451613,28.95806451612903,25.299078341013825,179.7478260869565,24.015848527349227,184.4379,40.5,1.98,0.0,603.6905807808722,570.5820335200982,564.3960132035272,581.6680320282466,17.80676017177713,-72.14800000000002,56.12625706651813,403.95,288.62,313.76,187.68571428571428,117.95714285714288,135.85714285714292,377.4166666666667,214.0666666666667,249.0277777777778,331.2086956521739,217.2304347826087,242.72898550724628,-0.32091798324286325,185.0317,-1.4598540145985384,2.03,23844789.0,train
2020-11,626.1266666666667,659.743,567.2825,67547.0,360.0,60450.0,5502338.0,15279668.0,4129846.0,2249569.0,221205.0,22441080.0,1373555.92,1489.14,602.47,533.27,592.9472222222222,674.618,663.975,664.6123333333334,564.069375,537.8575,555.9058333333332,11,4,0,371.86,338.3666666666667,265.8,21.013,29.46777777777778,24.08238095238095,330.8434782608696,24.152753623188406,184.7882,43.2,1.99,0.0,598.5081651825249,603.6905807808722,570.7314817837691,590.9269264944984,17.70303845130229,-33.61633333333339,46.80035234504513,248.71,403.95,341.50666666666666,101.92857142857144,187.68571428571428,185.13809523809527,155.6,377.4166666666667,290.4611111111111,179.7478260869565,331.2086956521739,280.5999999999999,0.18992842577365554,184.4379,6.666666666666665,1.98,24911852.0,train
2020-12,629.8384615384615,660.254,571.014375,70495.0,1786.0,53910.0,6537989.0,17393872.0,4725292.0,2723590.0,185884.0,25747680.0,1851850.25,1529.49,626.1266666666667,550.245,619.4783760683762,659.743,659.476,664.8716666666668,567.2825,536.365625,567.4554166666667,12,4,0,281.07,206.73333333333332,347.1428571428572,20.395806451612906,28.94086021505376,23.14377880184332,281.7869565217392,23.461290322580645,187.1822,49.9,1.94,0.0,605.1387257918856,598.5081651825249,570.5820335200982,602.4458239184277,16.184170768364016,-30.415538461538517,45.36718492319159,371.86,248.71,300.5466666666666,265.8,101.92857142857144,238.29047619047628,338.3666666666667,155.6,233.5666666666667,330.8434782608696,179.7478260869565,264.12608695652165,1.295537269154634,184.7882,15.509259259259256,1.99,28657153.0,train
2021-01,608.0791666666667,669.937,575.81625,50701.0,11967.0,28273.0,4826484.0,14913562.0,3305149.0,2047533.0,166819.0,20830843.0,1540579.05,1513.49,629.8384615384615,602.47,621.3480982905983,660.254,674.618,663.3113333333334,571.014375,564.069375,571.3710416666667,1,1,0,381.43,248.71666666666667,312.1714285714285,20.56193548387097,28.796774193548387,22.9778801843318,325.7304347826087,23.445441795231417,190.4918,54.6,2.03,0.0,606.1887459387589,605.1387257918856,603.6905807808722,603.2785456377231,3.40653271450322,-61.85783333333336,47.82956358623335,281.07,371.86,344.7866666666667,347.1428571428572,265.8,308.3714285714286,206.73333333333332,338.3666666666667,264.60555555555555,281.7869565217392,330.8434782608696,312.78695652173906,1.7681168401696423,187.1822,9.4188376753507,1.94,23045195.0,train
2021-02,602.795,667.134,576.49875,36029.0,10245.0,60674.0,4590738.0,14200275.0,3588384.0,2072262.0,165127.0,20142009.0,1702078.66,1603.17,608.0791666666667,626.1266666666667,613.570876068376,669.937,659.743,665.775,575.81625,567.2825,574.4431249999999,2,1,1,82.76,47.76666666666666,74.02857142857144,21.464642857142856,30.587499999999995,23.966326530612243,70.97391304347826,24.60590062111801,194.0665,62.0,2.02,0.0,594.0398515400008,606.1887459387589,598.5081651825249,601.7891077568817,5.735886073921196,-64.33900000000006,46.629297349100554,381.43,281.07,248.42,312.1714285714285,347.1428571428572,244.44761904761913,248.71666666666667,206.73333333333332,167.73888888888888,325.7304347826087,281.7869565217392,226.16376811594196,1.8765637156034964,190.4918,13.55311355311355,2.03,22379397.0,train
2021-03,615.1925,675.206,602.770625,57565.0,11000.0,26525.0,6474028.0,16930374.0,5006587.0,2458612.0,246372.0,25706005.0,2250822.81,1589.21,602.795,629.8384615384615,608.6888888888889,667.134,660.254,670.759,576.49875,571.014375,585.0285416666666,3,1,1,204.16,179.29999999999998,108.71428571428572,21.795806451612904,31.194623655913976,25.040552995391703,168.62608695652173,25.235203366058904,196.9825,65.2,2.0,0.0,618.6698190201389,594.0398515400008,605.1387257918856,606.2994721662996,10.07218179925859,-60.01350000000002,38.735872074336676,82.76,381.43,222.78333333333333,74.02857142857144,312.1714285714285,164.97142857142862,47.76666666666666,248.71666666666667,158.59444444444443,70.97391304347826,325.7304347826087,188.44347826086948,1.502577724645926,194.0665,5.161290322580658,2.02,28410989.0,train
2021-04,608.9250000000001,642.7090000000001,577.103125,,17200.0,90097.0,6850518.0,17239746.0,5497243.0,2586384.0,193762.0,26807362.0,,,615.1925,608.0791666666667,608.9708333333334,675.206,669.937,661.683,602.770625,575.81625,585.4574999999999,4,2,0,277.68,156.96666666666667,247.18571428571428,21.82033333333333,30.689444444444444,25.65619047619048,236.9086956521739,25.30144927536232,197.423,64.8,1.92,0.0,609.5790416666667,618.6698190201389,606.1887459387589,607.4295707422688,10.18827302283479,-33.78399999999999,32.807827366426004,204.16,82.76,188.20000000000002,108.71428571428572,74.02857142857144,143.30952380952385,179.29999999999998,47.76666666666666,128.0111111111111,168.62608695652173,70.97391304347826,158.83623188405787,0.22362392598327396,196.9825,-0.613496932515345,2.0,29587507.0,train
2021-05,573.3883333333333,635.075,550.60875,,29190.0,52240.0,7176417.0,17288611.0,5910791.0,2759582.0,222031.0,27394206.0,1613627.9,1611.11,608.9250000000001,602.795,599.1686111111112,642.7090000000001,667.134,650.9966666666668,577.103125,576.49875,576.8274999999999,5,2,0,642.63,443.95,362.88571428571424,20.98322580645161,29.68709677419355,24.804147465437783,505.6608695652174,24.41669004207574,199.5847,68.0,1.92,0.0,586.3573611111111,609.5790416666667,594.0398515400008,604.8687405993056,14.643274918010349,-61.686666666666724,43.70107102109978,277.68,204.16,374.8233333333333,247.18571428571428,108.71428571428572,239.5952380952381,156.96666666666667,179.29999999999998,260.07222222222225,236.9086956521739,168.62608695652173,303.73188405797094,1.0949585407981743,197.423,4.938271604938271,1.92,30375819.0,train
2021-06,540.1183333333333,614.8190000000001,530.12375,,34000.0,147497.0,5908146.0,15556888.0,4472658.0,2086701.0,254153.0,23596837.0,1812655.69,1652.97,573.3883333333333,615.1925,574.1438888888889,635.075,675.206,630.8676666666667,550.60875,602.770625,552.6118749999999,6,2,0,332.8,230.7,148.0142857142857,20.18,28.825555555555557,24.788571428571423,249.92608695652171,23.83797101449275,199.8161,73.1,1.82,0.0,561.6870277777779,586.3573611111111,618.6698190201389,585.8744768518519,25.520077807678476,-74.70066666666673,46.2842065738302,642.63,277.68,417.7033333333333,362.88571428571424,247.18571428571428,252.69523809523812,443.95,156.96666666666667,277.2055555555556,505.6608695652174,236.9086956521739,330.8318840579709,0.11594075096938994,199.5847,7.499999999999996,1.92,25937692.0,train
2021-07,540.005,619.4350000000001,528.37125,,29882.5,73626.0,5798600.0,15582615.0,4783750.0,2144964.0,254586.0,23765416.0,1691492.71,1771.84,540.1183333333333,608.9250000000001,551.1705555555556,614.8190000000001,642.7090000000001,623.1096666666667,530.12375,577.103125,536.3679166666666,7,3,0,385.63,305.53333333333336,158.08571428571426,19.966129032258067,28.840322580645164,24.653917050691245,295.4826086956522,23.70785413744741,199.9778,74.4,1.76,0.0,562.6037500000001,561.6870277777779,609.5790416666667,570.2160462962964,22.75461351857177,-79.43000000000006,49.5598553991787,332.8,642.63,453.68666666666667,148.0142857142857,362.88571428571424,222.99523809523808,230.7,443.95,326.7277777777778,249.92608695652171,505.6608695652174,350.3565217391303,0.08092440999498685,199.8161,1.7783857729138264,1.82,26164965.0,train
2021-08,530.1308333333333,613.341,537.946875,,52550.0,109970.0,4993739.0,14875463.0,3830891.0,1965668.0,243754.0,21490672.0,1579170.7,1790.47,540.005,573.3883333333333,536.7513888888889,619.4350000000001,635.075,615.865,528.37125,550.60875,532.1472916666667,8,3,1,307.21,296.7333333333333,137.24285714285716,19.69516129032258,28.372580645161293,24.52672811059908,252.7478260869565,23.429312762973357,200.4965,70.0,2.16,0.0,560.4729027777777,562.6037500000001,586.3573611111111,561.5878935185186,12.415445890229757,-83.21016666666674,45.95159850056933,385.63,332.8,341.87999999999994,158.08571428571426,148.0142857142857,147.7809523809524,305.53333333333336,230.7,277.6555555555555,295.4826086956522,249.92608695652171,266.05217391304336,0.25937879104580563,199.9778,-5.913978494623661,1.76,23700093.0,train
2021-09,544.3741666666666,613.394,510.548125,,48500.0,70447.0,4105984.0,14786344.0,3671696.0,1895103.0,240592.0,20428328.0,1374566.06,1762.54,530.1308333333333,540.1183333333333,538.17,613.341,614.8190000000001,615.39,537.946875,530.12375,525.6220833333332,9,3,1,277.35,275.0,133.77142857142857,20.075333333333333,28.62833333333333,24.925238095238093,233.0391304347826,23.782608695652176,201.9858,74.6,2.22,0.0,556.1054305555556,560.4729027777777,561.6870277777779,559.7273611111111,2.8768064730109186,-69.0198333333334,52.41693824950068,307.21,385.63,323.3966666666667,137.24285714285716,158.08571428571426,143.03333333333336,296.7333333333333,305.53333333333336,292.4222222222222,252.7478260869565,295.4826086956522,260.423188405797,0.742805984144379,200.4965,6.571428571428561,2.16,22564024.0,train
2021-10,575.0233333333333,630.5319999999999,533.400625,52894.0,51320.0,17768.0,4774736.0,15205413.0,4016782.0,2243907.0,235539.0,21517485.0,1595032.72,1744.1,544.3741666666666,540.005,549.8427777777778,613.394,619.4350000000001,619.089,510.548125,528.37125,527.2985416666666,10,4,0,357.71,343.3333333333333,250.27142857142857,20.28322580645161,28.85537634408602,24.425806451612903,321.2608695652174,23.780224403927072,201.0899,83.7,2.42,0.0,592.3140195957873,556.1054305555556,562.6037500000001,569.6307843097069,16.516310723684086,-55.50866666666661,48.730835435590215,277.35,307.21,314.09,133.77142857142857,137.24285714285716,173.76190476190482,275.0,296.7333333333333,305.0222222222222,233.0391304347826,252.7478260869565,269.0159420289854,-0.443546031453701,201.9858,12.198391420911548,2.22,23996931.0,train
2021-11,607.4041666666666,636.708,549.661875,23211.0,37700.0,22678.0,4127663.0,12647820.0,3228016.0,1871895.0,154759.0,17976845.0,1834724.38,1729.92,575.0233333333333,530.1308333333333,575.6005555555556,630.5319999999999,613.341,626.878,533.400625,537.946875,531.2035416666666,11,4,0,387.31,464.56666666666666,331.6,19.60533333333333,28.10833333333333,23.263809523809524,390.508695652174,22.936956521739127,201.8582,80.8,2.48,0.0,604.9549786903779,592.3140195957873,560.4729027777777,584.4581429472404,23.924744393299147,-29.303833333333387,44.29054596724865,357.71,277.35,340.79,250.27142857142857,133.77142857142857,238.54761904761912,343.3333333333333,275.0,360.9666666666667,321.2608695652174,233.0391304347826,314.9362318840579,0.38206792086525887,201.0899,-3.4647550776583103,2.42,20003499.0,train
2021-12,613.3541666666666,661.357,566.080625,22068.0,44500.0,54770.0,4510771.0,12705216.0,3201506.0,2005120.0,194882.0,18217491.0,1896603.14,1717.04,607.4041666666666,544.3741666666666,598.593888888889,636.708,613.394,642.8656666666666,549.661875,510.548125,549.714375,12,4,0,88.5,115.08333333333331,96.94285714285716,20.98774193548387,29.64784946236559,23.44608294930876,98.00434782608696,23.99509116409537,201.399,74.3,2.62,0.0,609.6204163679146,604.9549786903779,556.1054305555556,602.2964715513599,24.22509976681628,-48.00283333333334,47.63865269379206,387.31,357.71,277.84,331.6,250.27142857142857,226.27142857142863,464.56666666666666,343.3333333333333,307.6611111111111,390.508695652174,321.2608695652174,269.92463768115937,-0.22748642363797922,201.8582,-8.04455445544554,2.48,20417493.0,train
2022-01,680.8658333333334,734.338,612.52125,38648.0,39700.0,10060.0,5450228.0,13475781.0,3891205.0,2235738.0,224477.0,20356999.0,1338819.24,1784.27,613.3541666666666,575.0233333333333,633.8747222222222,661.357,630.5319999999999,677.4676666666666,566.080625,533.400625,576.0879166666665,1,1,0,88.25,78.73333333333333,81.52857142857144,20.979354838709675,30.22956989247312,23.616129032258065,83.72173913043478,24.194950911640955,201.4647,85.5,2.68,0.0,697.1007725733721,609.6204163679146,592.3140195957873,637.2253892105549,47.96265489640123,-53.47216666666657,61.05950002469887,88.5,387.31,188.01999999999998,96.94285714285716,331.6,170.02380952380958,115.08333333333331,464.56666666666666,219.4611111111111,98.00434782608696,390.508695652174,190.7449275362318,0.032621810435995435,201.399,15.074024226110371,2.62,22817214.0,train
2022-02,687.1125000000001,765.758,630.415625,,,,4336674.0,11009892.0,2816892.0,,,,1296518.93,1745.15,680.8658333333334,607.4041666666666,660.4441666666668,734.338,636.708,720.4843333333333,612.52125,549.661875,603.0058333333333,2,1,1,91.3,80.08333333333333,81.08571428571429,21.716785714285717,30.88095238095238,24.4484693877551,85.26521739130435,24.9388198757764,201.7362,95.8,2.73,0.0,694.4287083333334,697.1007725733721,604.9549786903779,667.0499657582067,51.12937916900946,-78.64549999999997,67.96715968718064,88.25,88.5,89.35000000000001,81.52857142857144,96.94285714285716,86.51904761904767,78.73333333333333,115.08333333333331,91.3,83.72173913043478,98.00434782608696,88.99710144927526,0.1347630627102525,201.4647,12.046783625730995,2.68,18163458.0,train
2022-03,750.0441666666667,920.653,731.9225,38915.0,42810.0,19910.0,5033743.0,13509104.0,3473041.0,1798559.0,117253.0,20100077.0,1777488.78,1785.4,687.1125000000001,613.3541666666666,706.0075,765.758,661.357,806.9163333333332,630.415625,566.080625,658.2864583333334,3,1,1,79.08,82.16666666666667,63.67142857142857,22.296129032258065,31.194623655913983,25.55668202764977,75.19565217391305,25.609817671809257,255.8081,115.6,2.54,0.0,818.3568716567456,694.4287083333334,609.6204163679146,736.628784187817,85.87031793709184,-170.60883333333334,104.12730225096978,91.3,88.25,86.21,81.08571428571429,81.52857142857144,75.42857142857146,80.08333333333333,78.73333333333333,80.32777777777778,85.26521739130435,83.72173913043478,81.39420289855063,26.803270806131962,201.7362,20.668058455114814,2.73,22015888.0,train
2022-04,1177.5825,1439.041,1097.794375,56051.0,38600.0,74240.0,5701102.0,13052927.0,4155560.0,1927680.0,96548.0,20885362.0,1456515.88,2461.97,750.0441666666667,680.8658333333334,871.5797222222222,920.653,734.338,1041.8173333333334,731.9225,612.52125,820.0441666666666,4,2,0,260.56,237.3,249.3428571428572,21.620666666666665,30.407777777777778,25.097619047619048,251.0782608695652,24.971159420289855,319.4404,105.8,2.53,0.0,1202.266039679438,818.3568716567456,697.1007725733721,905.0172065565057,239.88631381133584,-261.45849999999996,178.50114434140949,79.08,91.3,143.64666666666668,63.67142857142857,81.08571428571429,131.36666666666673,82.16666666666667,80.08333333333333,133.18333333333334,75.19565217391305,85.26521739130435,137.17971014492744,24.87501373099601,255.8081,-8.477508650519027,2.54,22909589.0,train
2022-05,1058.3275,1496.532,1072.583125,30150.0,59700.0,50565.0,6396596.0,14844841.0,4797854.0,2423330.0,148907.0,23467054.0,1459561.36,2897.59,1177.5825,687.1125000000001,995.3180555555556,1439.041,765.758,1285.4086666666665,1097.794375,630.415625,967.4333333333332,5,2,0,455.6,445.7833333333333,182.9,20.00032258064516,29.025806451612905,24.92626728110599,370.0434782608696,23.85399719495091,358.939,112.4,2.38,0.0,1249.7717497462877,1202.266039679438,694.4287083333334,1090.1315536941572,276.49964997522846,-438.2044999999998,248.98428841935518,260.56,79.08,265.08,249.3428571428572,63.67142857142857,165.304761904762,237.3,82.16666666666667,255.08333333333334,251.0782608695652,75.19565217391305,232.10579710144918,12.364935681272637,319.4404,6.238185255198503,2.53,26039291.0,train
2022-06,988.0191666666666,1416.657,1011.0975,33307.0,73549.0,69005.0,4055137.0,13127004.0,2966624.0,1526634.0,131884.0,18490247.0,1660334.64,3137.32,1058.3275,750.0441666666667,1074.6430555555555,1496.532,920.653,1450.743333333333,1072.583125,731.9225,1060.4916666666666,6,2,0,197.53,230.23333333333332,98.31428571428572,19.738666666666667,28.655,24.67095238095238,175.86521739130436,23.565797101449277,360.2428,120.1,2.11,0.0,1176.3406500853894,1249.7717497462877,818.3568716567456,1209.4594798370383,197.90116991798982,-428.63783333333333,241.08833432111865,455.6,260.56,304.56333333333333,182.9,249.3428571428572,176.85238095238103,445.7833333333333,237.3,304.4388888888889,370.0434782608696,251.0782608695652,265.66231884057964,0.3632372074363621,358.939,6.850533807829162,2.38,20148765.0,train
2022-07,1160.6141666666665,1604.636,1140.03375,27546.0,100639.0,48050.0,4087998.0,12877521.0,2895363.0,1693452.0,120166.0,18047265.0,1652226.85,3152.9,988.0191666666666,1177.5825,1068.9869444444444,1416.657,1439.041,1505.9416666666666,1011.0975,1097.794375,1074.571458333333,7,3,0,349.53000000000003,184.0666666666667,142.74285714285713,19.72290322580645,29.09247311827957,24.57004608294931,243.43043478260867,23.64235624123422,360.8724,108.9,2.37,0.0,1408.5616473827558,1176.3406500853894,1202.266039679438,1278.224682404811,104.09120425810691,-444.02183333333346,262.49895007152907,197.53,455.6,334.22,98.31428571428572,182.9,141.31904761904767,230.23333333333332,445.7833333333333,286.6944444444444,175.86521739130436,370.0434782608696,263.1130434782608,0.1747710155484139,360.2428,-9.325562031640288,2.11,19860882.0,train
2022-08,1379.1233333333332,1599.437,1239.0375,52322.0,155260.0,53355.0,3392650.0,12420516.0,2463725.0,1812353.0,93196.0,16371343.0,1538250.83,3267.5,1160.6141666666665,1058.3275,1175.918888888889,1604.636,1496.532,1540.243333333333,1140.03375,1072.583125,1130.05625,8,3,1,520.7,291.7333333333333,221.9,19.26225806451613,28.40860215053764,24.156221198156683,370.0304347826087,23.13772791023843,360.9983,98.6,2.36,0.0,1481.5680623260275,1408.5616473827558,1249.7717497462877,1355.4901199313908,140.46238817626156,-220.31366666666668,181.68193453627302,349.53000000000003,197.53,355.9200000000001,142.74285714285713,98.31428571428572,154.31904761904767,184.0666666666667,230.23333333333332,235.34444444444443,243.43043478260867,175.86521739130436,263.1086956521738,0.03488767774979529,360.8724,-9.45821854912765,2.37,18276891.0,train
2022-09,1449.3216666666667,1708.792,1312.8925,29952.5,23440.0,64456.6,4733873.0,12708395.0,3521068.0,1956204.0,172439.0,18834694.0,1424140.43,3549.33,1379.1233333333332,988.0191666666666,1329.6863888888886,1599.437,1416.657,1637.621666666667,1239.0375,1011.0975,1230.6545833333332,9,3,1,181.83,162.61666666666667,98.02857142857144,19.994,28.82,24.867142857142856,151.31304347826085,23.7795652173913,362.3826,90.2,2.36,0.0,1426.3110911863841,1481.5680623260275,1176.3406500853894,1438.8136002983892,134.86842304967192,-259.4703333333332,201.11115728112574,520.7,349.53000000000003,350.6866666666667,221.9,142.74285714285713,154.22380952380956,291.7333333333333,184.0666666666667,212.80555555555554,370.0304347826087,243.43043478260867,254.9246376811593,0.3834644096662121,360.9983,-8.519269776876259,2.36,20963336.0,train
2022-10,1448.8566666666666,1552.163,1285.483125,13487.0,23170.0,1000.0,3955169.0,11736446.0,3059949.0,1727125.0,168942.0,16855496.0,1450504.67,3467.33,1449.3216666666667,1160.6141666666665,1425.767222222222,1708.792,1604.636,1620.130666666667,1312.8925,1140.03375,1279.137708333333,10,4,0,405.58,385.26666666666665,249.8,19.63483870967742,28.30322580645161,23.863133640552995,352.8695652173913,23.18302945301543,363.1484,93.1,2.46,0.0,1508.0816235582583,1426.3110911863841,1408.5616473827558,1471.9869256902232,46.540239568664795,-103.30633333333344,134.4626765769988,181.83,520.7,369.37000000000006,98.02857142857144,221.9,189.90952380952385,162.61666666666667,291.7333333333333,279.8722222222222,151.31304347826085,370.0304347826087,291.40434782608685,0.21132361211602113,362.3826,3.2150776053214924,2.36,18751564.0,train
2022-11,1347.7191666666668,1434.458,1189.82625,,,,4345969.0,12805882.0,3093063.0,1833197.0,186407.0,18225311.0,1436101.11,3261.52,1448.8566666666666,1379.1233333333332,1415.299166666667,1552.163,1599.437,1565.1376666666667,1285.483125,1239.0375,1262.7339583333332,11,4,0,190.32,260.53333333333336,196.14285714285717,20.20833333333333,28.935,23.422380952380955,210.4086956521739,23.463043478260868,363.394,91.1,2.49,0.0,1324.001138888889,1508.0816235582583,1481.5680623260275,1419.464617877844,81.45704813468444,-86.73883333333333,124.02855279437154,405.58,181.83,259.24333333333334,249.8,98.02857142857144,181.3238095238096,385.26666666666665,162.61666666666667,269.47222222222223,352.8695652173913,151.31304347826085,238.19710144927527,0.0676307537084142,363.1484,-2.148227712137485,2.46,20244914.0,train
2022-12,1351.184166666667,1523.52,1224.66875,,,,4318277.0,12274848.0,2908277.0,1822360.0,167152.0,17511890.0,1366104.31,3269.31,1347.7191666666668,1449.3216666666667,1382.5866666666668,1434.458,1708.792,1503.3803333333333,1189.82625,1312.8925,1233.3260416666665,12,4,0,201.79,218.15,194.02857142857144,19.793548387096774,28.61236559139785,22.65345622119816,203.69565217391303,22.964516129032265,363.1652,80.9,2.39,0.0,1366.457638888889,1324.001138888889,1426.3110911863841,1399.5134671120122,79.83405409421498,-172.33583333333308,150.0099217449728,190.32,405.58,265.89666666666665,196.14285714285717,249.8,213.3238095238096,260.53333333333336,385.26666666666665,287.9833333333333,210.4086956521739,352.8695652173913,255.65797101449266,-0.06296196414909971,363.394,-11.196487376509323,2.49,19501402.0,train
2023-01,1380.8983333333333,1520.04,1239.880625,30750.0,2500.0,16840.0,3602233.0,13070219.0,2465070.0,1436954.5,189598.1,19514196.1,1308927.43,3335.43,1351.184166666667,1448.8566666666666,1359.933888888889,1523.52,1552.163,1492.6726666666666,1224.66875,1285.483125,1218.1252083333331,1,1,0,124.55,92.15,116.92857142857144,20.318387096774195,28.98978494623656,22.429493087557603,113.77826086956522,23.223001402524545,362.4228,83.1,2.33,0.0,1340.433489219405,1366.457638888889,1508.0816235582583,1343.6307556657277,84.06282755212305,-139.14166666666665,140.08073438006707,201.79,190.32,172.22,194.02857142857144,196.14285714285717,169.0333333333334,218.15,260.53333333333336,190.2777777777778,203.69565217391303,210.4086956521739,175.96086956521728,-0.2044248733083509,363.1652,2.7194066749072876,2.39,19137522.0,train
