Currency,Date,"Exchange Rate"

USD,2026-05-29,327.8205
USD,2026-05-27,323.0195
USD,2026-05-26,325.1144
USD,2026-05-25,336.8818
USD,2026-05-22,333.9925
USD,2026-05-21,329.6367
USD,2026-05-20,328.1968
USD,2026-05-19,326.9212
USD,2026-05-18,325.6208
USD,2026-05-15,324.7184
USD,2026-05-14,323.9586
USD,2026-05-13,322.2773
USD,2026-05-12,322.0280
USD,2026-05-11,321.8718
USD,2026-05-08,321.6318
USD,2026-05-07,320.4515
USD,2026-05-06,319.7857
USD,2026-05-05,319.5189
USD,2026-05-04,319.9322
USD,2026-04-30,319.3492
USD,2026-04-29,318.6939
USD,2026-04-28,317.9173
USD,2026-04-27,317.7500
USD,2026-04-24,317.1708
USD,2026-04-23,316.7792
USD,2026-04-22,316.4625
USD,2026-04-21,316.4443
USD,2026-04-20,316.4400
USD,2026-04-17,315.7222
USD,2026-04-16,315.5450
USD,2026-04-15,315.5893
USD,2026-04-10,315.5500
USD,2026-04-09,315.2174
USD,2026-04-08,315.4524
USD,2026-04-07,315.4500
USD,2026-04-06,315.3833
USD,2026-04-02,315.2100
USD,2026-03-31,315.1909
USD,2026-03-30,314.8755
USD,2026-03-27,314.3860
USD,2026-03-26,313.5091
USD,2026-03-25,314.2167
USD,2026-03-24,312.9640
USD,2026-03-23,311.7473
USD,2026-03-20,311.4080
USD,2026-03-19,311.3000
USD,2026-03-18,311.3138
USD,2026-03-17,311.3783
USD,2026-03-16,311.1330
USD,2026-03-13,311.0653
USD,2026-03-12,310.9475
USD,2026-03-11,311.1244
USD,2026-03-10,311.7288
USD,2026-03-09,311.3373
USD,2026-03-06,310.9029
USD,2026-03-05,310.2950
USD,2026-03-04,310.1116
USD,2026-03-03,309.2363
USD,2026-02-27,309.3091
USD,2026-02-26,309.3486
USD,2026-02-25,309.3711
USD,2026-02-24,309.3789
USD,2026-02-23,309.3762
USD,2026-02-20,309.3069
USD,2026-02-19,309.3780
USD,2026-02-18,309.3161
USD,2026-02-17,309.2197
USD,2026-02-16,309.2053
USD,2026-02-13,309.3532
USD,2026-02-12,309.3864
USD,2026-02-11,309.4591
USD,2026-02-10,309.4490
USD,2026-02-09,309.3805
USD,2026-02-06,309.4614
USD,2026-02-05,309.5079
USD,2026-02-03,309.4545
USD,2026-02-02,309.2494
USD,2026-01-30,309.4993
USD,2026-01-29,309.6525
USD,2026-01-28,309.6089
USD,2026-01-27,309.5593
USD,2026-01-26,309.8033
USD,2026-01-23,309.7973
USD,2026-01-22,309.6825
USD,2026-01-21,309.8507
USD,2026-01-20,309.7416
USD,2026-01-19,309.6601
USD,2026-01-16,309.3336
USD,2026-01-14,309.1127
USD,2026-01-13,309.0476
USD,2026-01-12,309.3752
USD,2026-01-09,309.7183
USD,2026-01-08,310.1421
USD,2026-01-07,310.0260
USD,2026-01-06,309.8535
USD,2026-01-05,309.7548
USD,2026-01-02,309.5365
USD,2026-01-01,309.9809
USD,2025-12-31,309.9944
USD,2025-12-30,309.8309
USD,2025-12-29,309.7101
USD,2025-12-26,309.7074
USD,2025-12-24,309.6580
USD,2025-12-23,309.5453
USD,2025-12-22,309.5238
USD,2025-12-19,309.7162
USD,2025-12-18,309.6458
USD,2025-12-17,309.5379
USD,2025-12-16,309.2557
USD,2025-12-15,309.1486
USD,2025-12-12,309.0255
USD,2025-12-11,308.7480
USD,2025-12-10,308.6494
USD,2025-12-09,308.6083
USD,2025-12-08,308.6553
USD,2025-12-05,308.8479
USD,2025-12-03,308.8268
USD,2025-12-02,308.5126
USD,2025-12-01,308.0710
USD,2025-11-28,308.0262
USD,2025-11-27,308.0750
USD,2025-11-26,307.9064
USD,2025-11-25,307.8585
USD,2025-11-24,307.9781
USD,2025-11-21,308.2526
USD,2025-11-20,308.4745
USD,2025-11-19,307.7857
USD,2025-11-18,307.8955
USD,2025-11-17,306.3737
USD,2025-11-14,305.2173
USD,2025-11-13,304.5194
USD,2025-11-12,304.2775
USD,2025-11-11,304.3910
USD,2025-11-10,304.9548
USD,2025-11-07,304.9541
USD,2025-11-06,304.6238
USD,2025-11-04,304.5367
USD,2025-11-03,304.4913
USD,2025-10-31,304.4223
USD,2025-10-30,304.3424
USD,2025-10-29,304.2329
USD,2025-10-28,304.0209
USD,2025-10-27,303.7740
USD,2025-10-24,303.6082
USD,2025-10-23,303.2568
USD,2025-10-22,303.1106
USD,2025-10-21,303.0311
USD,2025-10-17,302.9869
USD,2025-10-16,302.9654
USD,2025-10-15,302.7268
USD,2025-10-14,302.6020
USD,2025-10-13,302.6837
USD,2025-10-10,302.7339
USD,2025-10-09,302.6180
USD,2025-10-08,302.4906
USD,2025-10-07,302.4794
USD,2025-10-03,302.5219
USD,2025-10-02,302.5171
USD,2025-10-01,302.6158
USD,2025-09-30,302.6097
USD,2025-09-29,302.5988
USD,2025-09-26,302.5248
USD,2025-09-25,302.5733
USD,2025-09-24,302.5314
USD,2025-09-23,302.4124
USD,2025-09-22,302.3706
USD,2025-09-19,302.0652
USD,2025-09-18,301.9777
USD,2025-09-17,302.1078
USD,2025-09-16,302.1169
USD,2025-09-15,301.8134
USD,2025-09-12,301.9126
USD,2025-09-11,302.0173
USD,2025-09-10,301.9019
USD,2025-09-09,302.0123
USD,2025-09-08,302.0218
USD,2025-09-04,302.1360
USD,2025-09-03,302.1360
USD,2025-09-02,301.9727
USD,2025-09-01,302.2931
USD,2025-08-29,302.4465
USD,2025-08-28,302.3261
USD,2025-08-27,302.3020
USD,2025-08-26,302.2301
USD,2025-08-25,301.9848
USD,2025-08-22,301.8311
USD,2025-08-21,301.8375
USD,2025-08-20,301.5355
USD,2025-08-19,301.1936
USD,2025-08-18,301.1502
USD,2025-08-15,301.0335
USD,2025-08-14,300.9333
USD,2025-08-13,301.0170
USD,2025-08-12,300.6705
USD,2025-08-11,300.8113
USD,2025-08-07,300.7660
USD,2025-08-06,300.9112
USD,2025-08-05,301.0039
USD,2025-08-04,301.6126
USD,2025-08-01,302.1856
USD,2025-07-31,302.2079
USD,2025-07-30,302.0420
USD,2025-07-29,301.9502
USD,2025-07-28,301.8716
USD,2025-07-25,301.8293
USD,2025-07-24,301.7688
USD,2025-07-23,301.7347
USD,2025-07-22,301.8496
USD,2025-07-21,301.5995
USD,2025-07-18,301.5145
USD,2025-07-17,301.3045
USD,2025-07-16,300.9550
USD,2025-07-15,300.9579
USD,2025-07-14,300.7031
USD,2025-07-11,300.7097
USD,2025-07-09,300.9139
USD,2025-07-08,300.5654
USD,2025-07-07,300.2223
USD,2025-07-04,300.0015
USD,2025-07-03,299.9991
USD,2025-07-02,300.0253
USD,2025-07-01,299.9523
USD,2025-06-30,299.9674
USD,2025-06-27,299.9734
USD,2025-06-26,300.2152
USD,2025-06-25,300.4861
USD,2025-06-24,301.1214
USD,2025-06-23,300.4493
USD,2025-06-20,300.6511
USD,2025-06-19,300.7094
USD,2025-06-18,300.8465
USD,2025-06-17,300.7861
USD,2025-06-16,299.4377
USD,2025-06-13,299.0231
USD,2025-06-12,298.9831
USD,2025-06-11,299.1087
USD,2025-06-09,299.1426
USD,2025-06-06,299.2745
USD,2025-06-05,299.3602
USD,2025-06-04,299.5189
USD,2025-06-03,299.5516
USD,2025-06-02,299.4211
USD,2025-05-30,299.4393
USD,2025-05-29,299.6736
USD,2025-05-28,299.6855
USD,2025-05-27,299.5690
USD,2025-05-26,299.3360
USD,2025-05-23,299.4119
USD,2025-05-22,299.8469
USD,2025-05-21,300.5650
USD,2025-05-20,299.5470
USD,2025-05-19,298.8165
USD,2025-05-16,298.5101
USD,2025-05-15,298.6897
USD,2025-05-14,298.9213
USD,2025-05-09,299.2985
USD,2025-05-08,299.4917
USD,2025-05-07,299.4952
USD,2025-05-06,299.5246
USD,2025-05-05,299.4780
USD,2025-05-02,299.5698
USD,2025-04-30,299.6218
USD,2025-04-29,299.6612
USD,2025-04-28,299.6968
USD,2025-04-25,300.0608
USD,2025-04-24,299.8285
USD,2025-04-23,299.7194
USD,2025-04-22,299.2328
USD,2025-04-21,299.0786
USD,2025-04-17,298.6186
USD,2025-04-16,298.1380
USD,2025-04-11,298.8721
USD,2025-04-10,301.2049
USD,2025-04-09,298.6051
USD,2025-04-08,297.5237
USD,2025-04-07,296.7552
USD,2025-04-04,296.8985
USD,2025-04-03,296.0638
USD,2025-04-02,296.1931
USD,2025-04-01,296.3198
USD,2025-03-28,296.3472
USD,2025-03-27,296.4517
USD,2025-03-26,296.6087
USD,2025-03-25,296.7237
USD,2025-03-24,296.5901
USD,2025-03-21,296.6034
USD,2025-03-20,296.2133
USD,2025-03-19,296.0400
USD,2025-03-18,296.2915
USD,2025-03-17,295.8118
USD,2025-03-14,295.4196
USD,2025-03-12,295.5014
USD,2025-03-11,295.4696
USD,2025-03-10,295.4680
USD,2025-03-07,295.5809
USD,2025-03-06,295.2296
USD,2025-03-05,295.2061
USD,2025-03-04,295.3470
USD,2025-03-03,295.3680
USD,2025-02-28,295.4981
USD,2025-02-27,295.7164
USD,2025-02-25,295.7490
USD,2025-02-24,295.8829
USD,2025-02-21,296.4754
USD,2025-02-20,296.6271
USD,2025-02-19,295.8921
USD,2025-02-18,295.3468
USD,2025-02-17,295.5232
USD,2025-02-14,296.5560
USD,2025-02-13,297.0173
USD,2025-02-11,297.5176
USD,2025-02-10,297.6589
USD,2025-02-07,298.4908
USD,2025-02-06,298.9288
USD,2025-02-05,299.1413
USD,2025-02-03,297.6367
USD,2025-01-31,297.5797
USD,2025-01-30,296.5464
USD,2025-01-29,297.8990
USD,2025-01-28,298.4691
USD,2025-01-27,298.4110
USD,2025-01-24,298.8605
USD,2025-01-23,298.6584
USD,2025-01-22,297.4952
USD,2025-01-21,296.8545
USD,2025-01-20,296.6599
USD,2025-01-17,296.5135
USD,2025-01-16,295.2210
USD,2025-01-15,294.5963
USD,2025-01-10,295.5931
USD,2025-01-09,296.0915
USD,2025-01-08,296.1507
USD,2025-01-07,294.9314
USD,2025-01-06,293.5577
USD,2025-01-03,293.2654
USD,2025-01-02,293.4147
USD,2025-01-01,293.0027
USD,2024-12-31,292.5833
USD,2024-12-30,292.7528
USD,2024-12-27,294.3343
USD,2024-12-26,296.4816
USD,2024-12-24,295.6109
USD,2024-12-23,293.1667
USD,2024-12-20,292.6811
USD,2024-12-19,291.2826
USD,2024-12-18,290.9406
USD,2024-12-17,290.7605
USD,2024-12-16,290.3230
USD,2024-12-13,290.2596
USD,2024-12-12,290.2963
USD,2024-12-11,290.3096
USD,2024-12-10,290.3607
USD,2024-12-09,290.3415
USD,2024-12-06,290.4005
USD,2024-12-05,290.5201
USD,2024-12-04,290.5357
USD,2024-12-03,290.6498
USD,2024-12-02,290.6996
USD,2024-11-29,290.9179
USD,2024-11-28,291.0933
USD,2024-11-27,291.1471
USD,2024-11-26,291.0625
USD,2024-11-25,290.9399
USD,2024-11-22,290.9942
USD,2024-11-21,290.9755
USD,2024-11-20,290.9170
USD,2024-11-19,291.5886
USD,2024-11-18,292.1947
USD,2024-11-14,292.2986
USD,2024-11-13,292.5977
USD,2024-11-12,292.5940
USD,2024-11-11,292.6497
USD,2024-11-08,292.6902
USD,2024-11-07,292.9412
USD,2024-11-06,293.1073
USD,2024-11-05,293.0869
USD,2024-11-04,292.9776
USD,2024-11-01,293.4102
USD,2024-10-30,293.7185
USD,2024-10-29,293.5354
USD,2024-10-28,293.6867
USD,2024-10-25,293.6754
USD,2024-10-24,293.2756
USD,2024-10-23,293.2637
USD,2024-10-22,293.0992
USD,2024-10-21,292.8693
USD,2024-10-18,292.9995
USD,2024-10-16,293.6853
USD,2024-10-15,292.8871
USD,2024-10-14,292.8558
USD,2024-10-11,293.1156
USD,2024-10-10,292.9175
USD,2024-10-09,293.3610
USD,2024-10-08,293.5476
USD,2024-10-07,293.7819
USD,2024-10-04,295.4684
USD,2024-10-03,294.9272
USD,2024-10-02,295.6217
USD,2024-10-01,297.1955
USD,2024-09-30,299.3565
USD,2024-09-27,300.2152
USD,2024-09-26,301.7592
USD,2024-09-25,303.9075
USD,2024-09-24,304.4214
USD,2024-09-23,304.8847
USD,2024-09-20,304.5504
USD,2024-09-19,303.9177
USD,2024-09-18,301.1969
USD,2024-09-13,301.7977
USD,2024-09-12,300.7654
USD,2024-09-11,300.7295
USD,2024-09-10,300.0746
USD,2024-09-09,298.6949
USD,2024-09-06,298.8696
USD,2024-09-05,298.9385
USD,2024-09-04,299.1715
USD,2024-09-03,299.0072
USD,2024-09-02,299.6011
USD,2024-08-30,300.3276
USD,2024-08-29,300.6837
USD,2024-08-28,300.7178
USD,2024-08-27,300.6037
USD,2024-08-26,300.5002
USD,2024-08-23,301.1343
USD,2024-08-22,299.9863
USD,2024-08-21,299.2525
USD,2024-08-20,298.6809
USD,2024-08-16,298.9042
USD,2024-08-15,299.2783
USD,2024-08-14,299.2280
USD,2024-08-13,299.6647
USD,2024-08-12,300.4007
USD,2024-08-09,301.2378
USD,2024-08-08,301.8515
USD,2024-08-07,302.3394
USD,2024-08-06,302.2113
USD,2024-08-05,302.0889
USD,2024-08-02,302.4975
USD,2024-08-01,302.4450
USD,2024-07-31,302.3706
USD,2024-07-30,302.8885
USD,2024-07-29,303.1957
USD,2024-07-26,303.6200
USD,2024-07-25,303.5644
USD,2024-07-24,303.8705
USD,2024-07-23,303.7287
USD,2024-07-22,303.6956
USD,2024-07-19,303.9906
USD,2024-07-18,303.8416
USD,2024-07-17,303.3236
USD,2024-07-16,301.4954
USD,2024-07-15,302.1929
USD,2024-07-12,303.3297
USD,2024-07-11,303.7568
USD,2024-07-10,304.2056
USD,2024-07-09,304.4737
USD,2024-07-08,304.8833
USD,2024-07-05,304.5391
USD,2024-07-04,304.0552
USD,2024-07-03,303.5236
USD,2024-07-02,305.8234
USD,2024-07-01,306.0182
USD,2024-06-28,305.7065
USD,2024-06-27,305.3403
USD,2024-06-26,305.4034
USD,2024-06-25,305.3208
USD,2024-06-24,305.4303
USD,2024-06-20,305.2787
USD,2024-06-19,304.4205
USD,2024-06-18,303.9500
USD,2024-06-14,303.8309
USD,2024-06-13,303.7380
USD,2024-06-12,303.4547
USD,2024-06-11,303.0310
USD,2024-06-10,302.6971
USD,2024-06-07,302.7081
USD,2024-06-06,302.2895
USD,2024-06-05,302.1706
USD,2024-06-04,301.9524
USD,2024-06-03,301.8946
USD,2024-05-31,301.8883
USD,2024-05-30,301.5100
USD,2024-05-29,301.2717
USD,2024-05-28,300.4217
USD,2024-05-27,299.9863
USD,2024-05-22,299.7458
USD,2024-05-21,299.8265
USD,2024-05-20,299.8755
USD,2024-05-17,301.3081
USD,2024-05-16,302.2475
USD,2024-05-15,300.8340
USD,2024-05-14,299.8957
USD,2024-05-13,298.7882
USD,2024-05-10,298.6317
USD,2024-05-09,298.7068
USD,2024-05-08,299.6247
USD,2024-05-07,297.7495
USD,2024-05-06,297.1335
USD,2024-05-03,296.7992
USD,2024-05-02,297.6020
USD,2024-04-30,296.8561
USD,2024-04-29,296.2033
USD,2024-04-26,297.1631
USD,2024-04-25,298.7161
USD,2024-04-24,301.4613
USD,2024-04-22,302.0000
USD,2024-04-19,301.2744
USD,2024-04-18,300.9111
USD,2024-04-17,299.8253
USD,2024-04-16,298.9094
USD,2024-04-15,298.4963
USD,2024-04-10,298.6751
USD,2024-04-09,298.9576
USD,2024-04-08,299.3771
USD,2024-04-05,299.8185
USD,2024-04-04,299.8867
USD,2024-04-03,299.9632
USD,2024-04-02,300.1378
USD,2024-04-01,300.4081
USD,2024-03-28,301.1837
USD,2024-03-27,302.0263
USD,2024-03-26,302.7510
USD,2024-03-25,303.5486
USD,2024-03-22,303.9446
USD,2024-03-21,304.3412
USD,2024-03-20,303.9755
USD,2024-03-19,304.6370
USD,2024-03-18,305.2394
USD,2024-03-15,305.6448
USD,2024-03-14,306.2613
USD,2024-03-13,306.5707
USD,2024-03-12,307.0298
USD,2024-03-11,307.5613
USD,2024-03-07,307.8186
USD,2024-03-06,307.9685
USD,2024-03-05,308.1077
USD,2024-03-04,309.1297
USD,2024-03-01,309.8946
USD,2024-02-29,310.1532
USD,2024-02-28,310.7494
USD,2024-02-27,310.7593
USD,2024-02-26,311.1185
USD,2024-02-22,311.6802
USD,2024-02-21,312.0305
USD,2024-02-20,312.2604
USD,2024-02-19,312.4391
USD,2024-02-16,312.8934
USD,2024-02-15,313.1705
USD,2024-02-14,313.4241
USD,2024-02-13,313.2487
USD,2024-02-12,313.0338
USD,2024-02-09,313.5869
USD,2024-02-08,313.2212
USD,2024-02-07,314.0343
USD,2024-02-06,312.2364
USD,2024-02-05,311.4132
USD,2024-02-02,314.0218
USD,2024-02-01,316.1275
USD,2024-01-31,317.4089
USD,2024-01-30,317.9432
USD,2024-01-29,317.5185
USD,2024-01-26,319.1591
USD,2024-01-24,319.9412
USD,2024-01-23,320.0536
USD,2024-01-22,320.5246
USD,2024-01-19,320.8826
USD,2024-01-18,321.2243
USD,2024-01-17,321.7534
USD,2024-01-16,322.2038
USD,2024-01-12,322.6884
USD,2024-01-11,322.8300
USD,2024-01-10,322.6356
USD,2024-01-09,322.4136
USD,2024-01-08,322.4406
USD,2024-01-05,322.4275
USD,2024-01-04,322.2375
USD,2024-01-03,321.1200
USD,2024-01-02,323.1861
USD,2024-01-01,323.9902
USD,2023-12-29,323.9233
USD,2023-12-28,324.2268
USD,2023-12-27,325.7409
USD,2023-12-22,326.3519
USD,2023-12-21,326.9669
USD,2023-12-20,326.9605
USD,2023-12-19,326.9249
USD,2023-12-18,326.9856
USD,2023-12-15,326.7231
USD,2023-12-14,326.7793
USD,2023-12-13,327.0966
USD,2023-12-12,327.1808
USD,2023-12-11,326.9314
USD,2023-12-08,326.5900
USD,2023-12-07,327.1342
USD,2023-12-06,328.0175
USD,2023-12-05,328.0314
USD,2023-12-04,327.9839
USD,2023-12-01,327.5552
USD,2023-11-30,329.0423
USD,2023-11-29,329.5090
USD,2023-11-28,329.0036
USD,2023-11-27,328.7498
USD,2023-11-24,328.7214
USD,2023-11-23,328.4842
USD,2023-11-22,328.3919
USD,2023-11-21,328.0918
USD,2023-11-20,327.9164
USD,2023-11-17,328.0732
USD,2023-11-16,328.6449
USD,2023-11-15,327.3643
USD,2023-11-14,326.8940
USD,2023-11-13,327.1930
USD,2023-11-10,328.4610
USD,2023-11-09,328.4100
USD,2023-11-08,327.1236
USD,2023-11-07,327.7360
USD,2023-11-06,328.9773
USD,2023-11-03,329.0615
USD,2023-11-02,328.0343
USD,2023-11-01,327.6173
USD,2023-10-31,327.3817
USD,2023-10-30,327.1300
USD,2023-10-27,326.5000
USD,2023-10-26,326.5647
USD,2023-10-25,327.1063
USD,2023-10-24,325.9017
USD,2023-10-23,325.0000
USD,2023-10-20,324.9747
USD,2023-10-19,324.3800
USD,2023-10-18,324.1357
USD,2023-10-17,323.9143
USD,2023-10-16,323.8600
USD,2023-10-13,323.7977
USD,2023-10-12,323.8480
USD,2023-10-11,323.8082
USD,2023-10-10,323.6026
USD,2023-10-09,323.6117
USD,2023-10-06,323.6946
USD,2023-10-05,323.7722
USD,2023-10-04,323.7654
USD,2023-10-03,323.8000
USD,2023-10-02,323.5166
USD,2023-09-27,324.4478
USD,2023-09-26,324.5999
USD,2023-09-25,324.4375
USD,2023-09-22,324.6121
USD,2023-09-21,324.7013
USD,2023-09-20,324.0000
USD,2023-09-19,323.7088
USD,2023-09-18,323.3750
USD,2023-09-15,323.3731
USD,2023-09-14,323.3778
USD,2023-09-13,322.3823
USD,2023-09-12,322.2833
USD,2023-09-11,321.6556
USD,2023-09-08,322.3871
USD,2023-09-07,321.9950
USD,2023-09-06,321.9978
USD,2023-09-05,320.3778
USD,2023-09-04,319.2570
USD,2023-09-01,319.6472
USD,2023-08-31,322.6634
USD,2023-08-29,323.9093
USD,2023-08-28,323.8714
USD,2023-08-25,324.0500
USD,2023-08-24,323.9704
USD,2023-08-23,323.9350
USD,2023-08-22,323.9350
USD,2023-08-21,323.2519
USD,2023-08-18,321.8596
USD,2023-08-17,321.0863
USD,2023-08-16,321.1804
USD,2023-08-15,320.9366
USD,2023-08-14,319.9817
USD,2023-08-11,320.0006
USD,2023-08-10,320.2591
USD,2023-08-09,321.0833
USD,2023-08-08,321.4960
USD,2023-08-07,318.4438
USD,2023-08-04,318.4438
USD,2023-08-03,314.0972
USD,2023-08-02,324.6497
USD,2023-07-31,329.3566
USD,2023-07-28,329.2804
USD,2023-07-27,329.3811
USD,2023-07-26,329.4167
USD,2023-07-25,329.0000
USD,2023-07-24,326.7500
USD,2023-07-21,325.2204
USD,2023-07-20,324.2500
USD,2023-07-19,322.5265
USD,2023-07-18,322.8065
USD,2023-07-17,319.1206
USD,2023-07-14,316.3556
USD,2023-07-13,314.5869
USD,2023-07-12,313.9049
USD,2023-07-11,312.7857
USD,2023-07-10,311.5068
USD,2023-07-07,308.1957
USD,2023-07-06,306.9852
USD,2023-07-05,306.2611
USD,2023-07-04,308.1162
USD,2023-06-28,308.8300
USD,2023-06-27,308.1212
USD,2023-06-26,307.0000
USD,2023-06-23,306.9543
USD,2023-06-22,306.9052
USD,2023-06-21,306.1250
USD,2023-06-20,305.9231
USD,2023-06-19,309.2000
USD,2023-06-16,313.8245
USD,2023-06-15,308.4828
USD,2023-06-14,303.2095
USD,2023-06-13,300.4257
USD,2023-06-12,296.2449
USD,2023-06-09,293.2079
USD,2023-06-08,290.9686
USD,2023-06-07,291.2115
USD,2023-06-06,291.5413
USD,2023-06-05,292.3145
USD,2023-06-02,292.2778
USD,2023-06-01,292.4557
USD,2023-05-31,295.5211
USD,2023-05-30,296.6888
USD,2023-05-29,299.1118
USD,2023-05-26,303.0500
USD,2023-05-25,303.2681
USD,2023-05-24,304.7070
USD,2023-05-23,305.8837
USD,2023-05-22,307.0783
USD,2023-05-19,305.7839
USD,2023-05-18,307.3664
USD,2023-05-17,310.4042
USD,2023-05-16,312.6390
USD,2023-05-15,313.2454
USD,2023-05-12,313.6540
USD,2023-05-11,316.6797
USD,2023-05-10,318.0867
USD,2023-05-09,318.5233
USD,2023-05-08,319.4428
USD,2023-05-04,319.9665
USD,2023-05-03,320.9014
USD,2023-05-02,321.4389
USD,2023-04-28,321.6500
USD,2023-04-27,321.6324
USD,2023-04-26,321.7598
USD,2023-04-25,321.8000
USD,2023-04-24,321.6512
USD,2023-04-21,321.1373
USD,2023-04-20,320.7155
USD,2023-04-19,320.8300
USD,2023-04-18,319.9261
USD,2023-04-17,319.5718
USD,2023-04-12,319.8500
USD,2023-04-11,319.8330
USD,2023-04-10,319.9741
USD,2023-04-06,321.1748
USD,2023-04-04,323.7837
USD,2023-04-03,327.5000
USD,2023-03-31,327.2857
USD,2023-03-30,325.6324
USD,2023-03-29,322.6667
USD,2023-03-28,319.9778
USD,2023-03-27,320.5985
USD,2023-03-24,318.6334
USD,2023-03-23,317.3116
USD,2023-03-22,321.8906
USD,2023-03-21,335.0815
USD,2023-03-20,335.2842
USD,2023-03-17,336.8000
USD,2023-03-16,337.2877
USD,2023-03-15,327.0617
USD,2023-03-14,322.9615
USD,2023-03-13,319.1050
USD,2023-03-10,318.6330
USD,2023-03-09,319.5585
USD,2023-03-08,326.6337
USD,2023-03-07,337.6693
USD,2023-03-03,346.1724
USD,2023-03-02,353.6543
USD,2023-03-01,358.4593
USD,2023-02-28,361.6318
USD,2023-02-27,362.4983
USD,2023-02-24,362.6680
USD,2023-02-23,361.6600
USD,2023-02-22,361.6615
USD,2023-02-21,361.9200
USD,2023-02-20,361.9200
USD,2023-02-17,361.9200
USD,2023-02-16,361.9200
USD,2023-02-15,361.9200
USD,2023-02-14,361.9200
USD,2023-02-13,361.9200
USD,2023-02-10,361.9226
USD,2023-02-09,361.9226
USD,2023-02-08,361.9600
USD,2023-02-07,361.9600
USD,2023-02-06,361.9589
USD,2023-02-03,361.9686
USD,2023-02-02,362.1400
USD,2023-02-01,362.1400
USD,2023-01-31,362.1400
USD,2023-01-30,362.1400
USD,2023-01-27,362.1400
USD,2023-01-26,362.1400
USD,2023-01-25,362.1600
USD,2023-01-24,362.1600
USD,2023-01-23,362.1600
USD,2023-01-20,362.1694
USD,2023-01-19,362.2698
USD,2023-01-18,362.2400
USD,2023-01-17,362.2400
USD,2023-01-13,362.2400
USD,2023-01-12,362.2400
USD,2023-01-11,362.2400
USD,2023-01-10,362.2446
USD,2023-01-09,363.0917
USD,2023-01-05,363.1100
USD,2023-01-04,363.1100
USD,2023-01-03,363.1100
USD,2023-01-02,363.1100
USD,2022-12-30,363.1100
USD,2022-12-29,363.1300
USD,2022-12-28,363.1326
USD,2022-12-27,363.1000
USD,2022-12-23,363.1733
USD,2022-12-22,363.1600
USD,2022-12-21,363.1600
USD,2022-12-20,363.1612
USD,2022-12-19,363.1800
USD,2022-12-16,363.1800
USD,2022-12-15,363.1800
USD,2022-12-14,363.1800
USD,2022-12-13,363.1800
USD,2022-12-12,363.1800
USD,2022-12-09,363.1800
USD,2022-12-08,363.1800
USD,2022-12-06,363.1800
USD,2022-12-05,363.1767
USD,2022-12-02,363.1900
USD,2022-12-01,363.1900
USD,2022-11-30,363.1875
USD,2022-11-29,363.1875
USD,2022-11-28,363.0000
USD,2022-11-25,363.0000
USD,2022-11-24,363.5000
USD,2022-11-23,363.5000
USD,2022-11-22,363.5000
USD,2022-11-21,363.5000
USD,2022-11-18,363.5000
USD,2022-11-17,363.5000
USD,2022-11-16,363.5000
USD,2022-11-15,363.5000
USD,2022-11-14,363.5000
USD,2022-11-11,363.5000
USD,2022-11-10,363.5000
USD,2022-11-09,363.5000
USD,2022-11-08,363.5000
USD,2022-11-04,363.5000
USD,2022-11-03,363.3000
USD,2022-11-02,363.3000
USD,2022-11-01,363.3000
USD,2022-10-31,363.3000
USD,2022-10-28,363.3000
USD,2022-10-27,363.3000
USD,2022-10-26,363.3000
USD,2022-10-25,363.3800
USD,2022-10-21,363.3800
USD,2022-10-20,363.3800
USD,2022-10-19,363.3800
USD,2022-10-18,363.3800
USD,2022-10-17,363.3800
USD,2022-10-14,363.1400
USD,2022-10-13,362.9000
USD,2022-10-12,362.9000
USD,2022-10-11,362.9000
USD,2022-10-07,362.9000
USD,2022-10-06,362.9000
USD,2022-10-05,362.9000
USD,2022-10-04,362.9000
USD,2022-10-03,362.9000
USD,2022-09-30,362.9000
USD,2022-09-29,362.9000
USD,2022-09-28,362.9000
USD,2022-09-27,362.9000
USD,2022-09-26,362.9000
USD,2022-09-23,362.9000
USD,2022-09-22,362.9000
USD,2022-09-21,362.9000
USD,2022-09-20,362.9000
USD,2022-09-19,362.9000
USD,2022-09-16,362.9000
USD,2022-09-15,362.4500
USD,2022-09-14,362.4500
USD,2022-09-13,362.2824
USD,2022-09-12,362.2000
USD,2022-09-09,362.0000
USD,2022-09-08,361.9000
USD,2022-09-07,361.8056
USD,2022-09-06,361.4500
USD,2022-09-05,361.4500
USD,2022-09-02,361.4500
USD,2022-09-01,361.0786
USD,2022-08-31,361.1480
USD,2022-08-30,361.2900
USD,2022-08-29,361.1700
USD,2022-08-26,361.4000
USD,2022-08-25,361.0000
USD,2022-08-24,361.0000
USD,2022-08-23,361.0000
USD,2022-08-22,360.9467
USD,2022-08-19,361.0000
USD,2022-08-18,360.9733
USD,2022-08-17,360.9600
USD,2022-08-16,360.9733
USD,2022-08-15,360.9200
USD,2022-08-12,360.8500
USD,2022-08-10,360.9400
USD,2022-08-09,360.9400
USD,2022-08-08,360.8000
USD,2022-08-05,360.8000
USD,2022-08-04,360.9254
USD,2022-08-03,360.9254
USD,2022-08-02,361.0000
USD,2022-08-01,361.0000
USD,2022-07-29,360.8000
USD,2022-07-28,361.0000
USD,2022-07-27,361.0000
USD,2022-07-26,361.0000
USD,2022-07-25,361.0900
USD,2022-07-22,361.3000
USD,2022-07-21,361.6700
USD,2022-07-20,361.8700
USD,2022-07-19,361.1657
USD,2022-07-18,361.0331
USD,2022-07-15,361.2400
USD,2022-07-14,361.9000
USD,2022-07-12,360.9048
USD,2022-07-11,361.3500
USD,2022-07-08,360.3497
USD,2022-07-07,360.8200
USD,2022-07-06,359.8167
USD,2022-07-05,359.7941
USD,2022-07-04,359.7941
USD,2022-07-01,359.5500
USD,2022-06-30,359.8782
USD,2022-06-29,359.7200
USD,2022-06-28,359.9000
USD,2022-06-27,360.3000
USD,2022-06-24,360.3000
USD,2022-06-23,360.9000
USD,2022-06-22,360.9000
USD,2022-06-21,361.7500
USD,2022-06-20,360.7500
USD,2022-06-17,359.7500
USD,2022-06-16,359.8500
USD,2022-06-15,359.8500
USD,2022-06-13,359.8338
USD,2022-06-10,359.8000
USD,2022-06-09,360.0255
USD,2022-06-08,360.0255
USD,2022-06-07,360.2773
USD,2022-06-06,360.2773
USD,2022-06-03,360.3000
USD,2022-06-02,360.6000
USD,2022-06-01,360.1114
USD,2022-05-31,360.7600
USD,2022-05-30,360.7600
USD,2022-05-27,359.2500
USD,2022-05-26,359.7079
USD,2022-05-25,359.3764
USD,2022-05-24,359.3764
USD,2022-05-23,359.4373
USD,2022-05-20,359.4750
USD,2022-05-19,359.5500
USD,2022-05-18,359.6500
USD,2022-05-17,359.7500
USD,2022-05-13,360.0000
USD,2022-05-12,360.0000
USD,2022-05-11,364.7600
USD,2022-05-10,364.7600
USD,2022-05-09,364.7600
USD,2022-05-06,358.5686
USD,2022-05-05,349.9000
USD,2022-05-04,340.0000
USD,2022-04-29,341.8500
USD,2022-04-28,341.8500
USD,2022-04-27,337.9000
USD,2022-04-26,340.4650
USD,2022-04-25,334.8000
USD,2022-04-22,334.8000
USD,2022-04-21,335.0000
USD,2022-04-20,310.0000
USD,2022-04-19,310.0000
USD,2022-04-18,313.6700
USD,2022-04-12,313.6700
USD,2022-04-11,311.6750
USD,2022-04-08,299.0000
USD,2022-04-07,299.8125
USD,2022-04-06,307.7891
USD,2022-04-05,307.7891
USD,2022-04-04,310.8571
USD,2022-04-01,299.0000
USD,2022-03-31,299.0000
USD,2022-03-30,306.0796
USD,2022-03-29,294.9843
USD,2022-03-28,294.9843
USD,2022-03-25,290.0000
USD,2022-03-24,280.0000
USD,2022-03-23,280.4200
USD,2022-03-22,280.0000
USD,2022-03-21,275.0000
USD,2022-03-18,267.8769
USD,2022-03-16,267.8621
USD,2022-03-15,263.3300
USD,2022-03-14,251.9685
USD,2022-03-11,251.9685
USD,2022-03-10,229.3358
USD,2022-03-09,229.5000
USD,2022-03-08,202.0909
USD,2022-03-07,202.0400
USD,2022-03-04,201.6305
USD,2022-03-03,202.0000
USD,2022-03-02,201.8979
USD,2022-02-28,201.0571
USD,2022-02-25,202.3300
USD,2022-02-24,201.1908
USD,2022-02-23,201.1908
USD,2022-02-22,202.0000
USD,2022-02-21,201.9298
USD,2022-02-18,202.1141
USD,2022-02-17,202.0123
USD,2022-02-15,201.0000
USD,2022-02-14,201.0142
USD,2022-02-11,202.0000
USD,2022-02-10,201.9637
USD,2022-02-09,202.0659
USD,2022-02-08,202.4091
USD,2022-02-07,202.0000
USD,2022-02-03,201.5833
USD,2022-02-02,201.4205
USD,2022-02-01,201.9700
USD,2022-01-31,201.1910
USD,2022-01-28,201.1910
USD,2022-01-27,202.0000
USD,2022-01-26,201.5882
USD,2022-01-25,202.0323
USD,2022-01-24,202.0000
USD,2022-01-21,202.7500
USD,2022-01-20,201.0530
USD,2022-01-19,201.9442
USD,2022-01-18,201.9442
USD,2022-01-13,201.7844
USD,2022-01-12,200.9798
USD,2022-01-11,200.9450
USD,2022-01-10,201.9011
USD,2022-01-07,201.3347
USD,2022-01-06,201.0480
USD,2022-01-05,201.7081
USD,2022-01-04,200.0000
USD,2022-01-03,200.4338
USD,2021-12-31,200.4338
USD,2021-12-30,203.0000
USD,2021-12-29,201.0000
USD,2021-12-28,201.5032
USD,2021-12-27,200.9180
USD,2021-12-24,200.9180
USD,2021-12-23,200.7232
USD,2021-12-22,201.3214
USD,2021-12-21,201.5100
USD,2021-12-20,203.0000
USD,2021-12-17,201.5384
USD,2021-12-16,200.6717
USD,2021-12-15,201.8730
USD,2021-12-14,201.8730
USD,2021-12-13,201.3297
USD,2021-12-10,201.0603
USD,2021-12-09,201.2222
USD,2021-12-08,201.5945
USD,2021-12-07,200.0100
USD,2021-12-06,202.2500
USD,2021-12-03,200.4453
USD,2021-12-02,201.9333
USD,2021-12-01,202.0474
USD,2021-11-30,202.0474
USD,2021-11-29,201.7582
USD,2021-11-26,201.2131
USD,2021-11-25,200.9721
USD,2021-11-24,200.7778
USD,2021-11-23,202.4167
USD,2021-11-22,202.2000
USD,2021-11-19,202.1920
USD,2021-11-17,201.3428
USD,2021-11-16,202.0500
USD,2021-11-15,202.0500
USD,2021-11-12,202.3478
USD,2021-11-11,201.4145
USD,2021-11-10,202.3848
USD,2021-11-09,202.0549
USD,2021-11-08,200.3103
USD,2021-11-05,202.6244
USD,2021-11-03,202.5566
USD,2021-11-02,202.4998
USD,2021-11-01,201.9500
USD,2021-10-29,201.8705
USD,2021-10-28,200.0311
USD,2021-10-27,202.2092
USD,2021-10-26,203.0000
USD,2021-10-25,201.9836
USD,2021-10-22,201.0455
USD,2021-10-21,200.5117
USD,2021-10-18,200.0930
USD,2021-10-15,201.2500
USD,2021-10-14,200.0018
USD,2021-10-13,200.0000
USD,2021-10-12,202.4000
USD,2021-10-11,202.4000
USD,2021-10-08,202.9800
USD,2021-10-07,200.0350
USD,2021-10-06,200.0600
USD,2021-10-05,200.0000
USD,2021-10-04,200.1400
USD,2021-10-01,200.6959
USD,2021-09-30,199.9857
USD,2021-09-29,199.9857
USD,2021-09-28,200.0335
USD,2021-09-27,200.0000
USD,2021-09-24,200.2591
USD,2021-09-23,199.9000
USD,2021-09-22,199.6314
USD,2021-09-21,199.9330
USD,2021-09-17,200.0000
USD,2021-09-16,200.0063
USD,2021-09-15,200.0000
USD,2021-09-14,200.0000
USD,2021-09-13,200.0000
USD,2021-09-10,200.0000
USD,2021-09-09,199.9815
USD,2021-09-08,199.9500
USD,2021-09-07,207.3455
USD,2021-09-06,207.3455
USD,2021-09-03,207.3455
USD,2021-09-02,210.0000
USD,2021-09-01,210.0000
USD,2021-08-31,210.0000
USD,2021-08-30,202.6164
USD,2021-08-27,200.0000
USD,2021-08-26,199.9500
USD,2021-08-25,199.9000
USD,2021-08-24,199.9000
USD,2021-08-23,199.9000
USD,2021-08-20,199.9000
USD,2021-08-19,199.9000
USD,2021-08-18,199.9000
USD,2021-08-17,199.9217
USD,2021-08-16,199.9800
USD,2021-08-13,199.9160
USD,2021-08-12,199.9160
USD,2021-08-11,199.9160
USD,2021-08-10,199.9000
USD,2021-08-09,199.9075
USD,2021-08-06,199.9000
USD,2021-08-05,199.9000
USD,2021-08-04,199.9000
USD,2021-08-03,199.9000
USD,2021-08-02,199.9000
USD,2021-07-30,199.9000
USD,2021-07-29,199.9033
USD,2021-07-28,199.9000
USD,2021-07-27,199.9076
USD,2021-07-26,199.9329
USD,2021-07-22,199.9000
USD,2021-07-20,199.9019
USD,2021-07-19,199.8942
USD,2021-07-16,199.9000
USD,2021-07-15,199.8998
USD,2021-07-14,199.9000
USD,2021-07-13,199.9000
USD,2021-07-12,199.9056
USD,2021-07-09,199.9000
USD,2021-07-08,199.9000
USD,2021-07-07,199.9000
USD,2021-07-06,199.9000
USD,2021-07-05,199.9079
USD,2021-07-02,200.5222
USD,2021-07-01,200.7800
USD,2021-06-30,201.1381
USD,2021-06-29,199.9005
USD,2021-06-28,199.8904
USD,2021-06-25,199.8664
USD,2021-06-23,199.8938
USD,2021-06-22,199.9083
USD,2021-06-21,199.8743
USD,2021-06-18,199.8265
USD,2021-06-17,199.8643
USD,2021-06-16,199.7238
USD,2021-06-15,199.5000
USD,2021-06-14,199.8891
USD,2021-06-11,199.7609
USD,2021-06-10,199.6761
USD,2021-06-09,199.8250
USD,2021-06-08,199.6950
USD,2021-06-07,199.6853
USD,2021-06-04,199.6853
USD,2021-06-03,199.5342
USD,2021-06-02,199.5000
USD,2021-06-01,199.5000
USD,2021-05-31,199.5000
USD,2021-05-28,199.5632
USD,2021-05-25,199.5057
USD,2021-05-24,199.6668
USD,2021-05-21,199.9000
USD,2021-05-20,199.6625
USD,2021-05-19,199.6716
USD,2021-05-18,199.7873
USD,2021-05-17,199.5000
USD,2021-05-13,199.5000
USD,2021-05-12,199.5695
USD,2021-05-11,199.5817
USD,2021-05-10,199.5062
USD,2021-05-07,199.5155
USD,2021-05-06,199.5887
USD,2021-05-05,199.5872
USD,2021-05-04,199.6915
USD,2021-05-03,199.2275
USD,2021-04-30,199.5437
USD,2021-04-29,199.7500
USD,2021-04-28,197.5000
USD,2021-04-27,197.5000
USD,2021-04-23,191.9368
USD,2021-04-22,192.0000
USD,2021-04-21,191.8810
USD,2021-04-20,191.9721
USD,2021-04-19,194.4485
USD,2021-04-16,199.9346
USD,2021-04-15,200.0000
USD,2021-04-12,199.9100
USD,2021-04-09,199.8744
USD,2021-04-08,200.0184
USD,2021-04-07,199.0050
USD,2021-04-06,199.7500
USD,2021-04-05,199.3750
USD,2021-04-01,199.2153
USD,2021-03-31,199.0377
USD,2021-03-30,199.4353
USD,2021-03-29,198.1705
USD,2021-03-26,198.4450
USD,2021-03-25,198.0000
USD,2021-03-24,198.9530
USD,2021-03-23,197.7692
USD,2021-03-22,197.4667
USD,2021-03-19,199.2803
USD,2021-03-18,197.4500
USD,2021-03-17,198.4945
USD,2021-03-16,196.7750
USD,2021-03-15,196.0383
USD,2021-03-12,196.5333
USD,2021-03-10,195.9905
USD,2021-03-09,195.5000
USD,2021-03-08,195.5000
USD,2021-03-05,195.3636
USD,2021-03-04,195.2692
USD,2021-03-03,195.6288
USD,2021-03-02,194.5000
USD,2021-03-01,194.0149
USD,2021-02-25,194.0119
USD,2021-02-24,194.0560
USD,2021-02-23,194.2126
USD,2021-02-22,194.8257
USD,2021-02-19,194.8500
USD,2021-02-18,194.8500
USD,2021-02-17,194.9580
USD,2021-02-16,193.9717
USD,2021-02-15,193.9717
USD,2021-02-12,194.6250
USD,2021-02-11,194.5000
USD,2021-02-10,194.3090
USD,2021-02-09,194.3580
USD,2021-02-08,193.7369
USD,2021-02-05,194.4118
USD,2021-02-03,194.0008
USD,2021-02-02,192.5656
USD,2021-02-01,190.9824
USD,2021-01-29,194.3948
USD,2021-01-27,195.8630
USD,2021-01-26,196.1519
USD,2021-01-25,196.8017
USD,2021-01-22,196.4250
USD,2021-01-21,194.7980
USD,2021-01-20,194.7980
USD,2021-01-19,193.6458
USD,2021-01-18,192.7447
USD,2021-01-15,191.0367
USD,2021-01-13,186.9940
USD,2021-01-12,187.0000
USD,2021-01-11,187.5251
USD,2021-01-08,185.5000
USD,2021-01-07,185.0000
USD,2021-01-06,185.0000
USD,2021-01-05,185.0000
USD,2021-01-04,185.2750
USD,2021-01-01,185.3906
USD,2020-12-31,186.4082
USD,2020-12-30,187.9667
USD,2020-12-28,190.2846
USD,2020-12-24,190.2188
USD,2020-12-23,189.2842
USD,2020-12-22,187.7000
USD,2020-12-21,187.8600
USD,2020-12-18,187.8780
USD,2020-12-17,188.0686
USD,2020-12-16,187.8877
USD,2020-12-15,186.7323
USD,2020-12-14,186.0200
USD,2020-12-11,185.9087
USD,2020-12-10,185.9231
USD,2020-12-09,186.1692
USD,2020-12-08,186.2349
USD,2020-12-07,185.4773
USD,2020-12-04,186.5279
USD,2020-12-03,186.8761
USD,2020-12-02,185.6000
USD,2020-12-01,185.8000
USD,2020-11-30,184.9601
USD,2020-11-27,185.2192
USD,2020-11-26,185.5071
USD,2020-11-25,185.4000
USD,2020-11-24,185.4844
USD,2020-11-23,185.1174
USD,2020-11-20,184.6405
USD,2020-11-19,184.9321
USD,2020-11-18,184.9000
USD,2020-11-17,185.0098
USD,2020-11-16,184.6106
USD,2020-11-13,184.6036
USD,2020-11-12,184.5985
USD,2020-11-11,184.5183
USD,2020-11-10,184.6113
USD,2020-11-09,184.4664
USD,2020-11-06,184.4370
USD,2020-11-05,184.3855
USD,2020-11-04,184.4310
USD,2020-11-03,184.4256
USD,2020-11-02,184.2938
USD,2020-10-29,184.2769
USD,2020-10-28,184.2983
USD,2020-10-27,184.3315
USD,2020-10-26,184.5397
USD,2020-10-23,184.3012
USD,2020-10-22,184.3514
USD,2020-10-21,184.4198
USD,2020-10-20,184.3122
USD,2020-10-19,184.3203
USD,2020-10-16,184.6942
USD,2020-10-15,184.6039
USD,2020-10-14,184.2721
USD,2020-10-13,184.1919
USD,2020-10-12,184.1909
USD,2020-10-09,184.1916
USD,2020-10-08,184.4723
USD,2020-10-07,184.7127
USD,2020-10-06,184.7631
USD,2020-10-05,184.5675
USD,2020-10-02,184.9467
USD,2020-09-30,185.5224
USD,2020-09-29,185.2765
USD,2020-09-28,185.1969
USD,2020-09-25,185.0175
USD,2020-09-24,185.0959
USD,2020-09-23,185.3808
USD,2020-09-22,185.5337
USD,2020-09-21,185.3935
USD,2020-09-18,184.9621
USD,2020-09-17,184.8888
USD,2020-09-16,184.4109
USD,2020-09-15,184.2087
USD,2020-09-14,184.5487
USD,2020-09-11,184.7360
USD,2020-09-10,184.3531
USD,2020-09-09,184.3959
USD,2020-09-08,184.7814
USD,2020-09-07,185.2125
USD,2020-09-04,185.2317
USD,2020-09-03,185.4189
USD,2020-09-02,186.1004
USD,2020-08-31,186.1578
USD,2020-08-28,186.2504
USD,2020-08-27,186.3253
USD,2020-08-26,186.1231
USD,2020-08-25,184.7242
USD,2020-08-24,184.1213
USD,2020-08-21,186.0642
USD,2020-08-20,185.2732
USD,2020-08-19,184.0783
USD,2020-08-18,183.3052
USD,2020-08-17,182.8155
USD,2020-08-14,182.6450
USD,2020-08-13,183.4614
USD,2020-08-12,184.2772
USD,2020-08-11,184.8127
USD,2020-08-10,185.3294
USD,2020-08-07,185.4435
USD,2020-08-06,185.5025
USD,2020-08-05,185.5532
USD,2020-08-04,185.6137
USD,2020-07-31,185.6769
USD,2020-07-30,185.7224
USD,2020-07-29,185.7586
USD,2020-07-28,185.7498
USD,2020-07-27,185.7681
USD,2020-07-24,185.7495
USD,2020-07-23,185.7909
USD,2020-07-22,185.7760
USD,2020-07-21,185.7477
USD,2020-07-20,185.7792
USD,2020-07-17,185.8043
USD,2020-07-16,185.8084
USD,2020-07-15,185.8384
USD,2020-07-14,185.9109
USD,2020-07-13,185.8664
USD,2020-07-10,185.7142
USD,2020-07-09,185.8278
USD,2020-07-08,185.8464
USD,2020-07-07,185.8686
USD,2020-07-06,185.9691
USD,2020-07-03,186.0915
USD,2020-07-02,186.2482
USD,2020-07-01,186.2067
USD,2020-06-30,186.2292
USD,2020-06-29,186.1179
USD,2020-06-26,186.4400
USD,2020-06-25,186.5942
USD,2020-06-24,186.6693
USD,2020-06-23,186.6030
USD,2020-06-22,186.5972
USD,2020-06-19,186.5611
USD,2020-06-18,186.6082
USD,2020-06-17,185.9544
USD,2020-06-16,185.6585
USD,2020-06-15,185.1799
USD,2020-06-12,185.1677
USD,2020-06-11,185.1107
USD,2020-06-10,185.0856
USD,2020-06-09,185.0714
USD,2020-06-08,185.4808
USD,2020-06-04,185.7939
USD,2020-06-03,185.8628
USD,2020-06-02,186.1136
USD,2020-06-01,186.1456
USD,2020-05-29,186.2865
USD,2020-05-28,186.1153
USD,2020-05-27,186.0810
USD,2020-05-26,185.6954
USD,2020-05-22,186.9062
USD,2020-05-21,187.2876
USD,2020-05-20,187.6121
USD,2020-05-19,187.5900
USD,2020-05-18,187.9868
USD,2020-05-15,188.0186
USD,2020-05-14,188.1954
USD,2020-05-13,188.4262
USD,2020-05-12,188.1075
USD,2020-05-11,188.3479
USD,2020-05-06,188.9520
USD,2020-05-05,190.1281
USD,2020-05-04,191.9692
USD,2020-04-30,192.8500
USD,2020-04-29,192.7667
USD,2020-04-28,192.5000
USD,2020-04-27,192.0000
USD,2020-04-24,192.0000
USD,2020-04-23,192.7200
USD,2020-04-22,192.6909
USD,2020-04-21,194.8458
USD,2020-04-20,191.7233
USD,2020-04-17,192.6776
USD,2020-04-16,191.6919
USD,2020-04-15,192.9366
USD,2020-04-09,199.7543
USD,2020-04-08,198.4216
USD,2020-04-06,194.8023
USD,2020-04-03,191.0000
USD,2020-04-02,190.0000
USD,2020-04-01,190.1563
USD,2020-03-31,188.6236
USD,2020-03-30,190.5000
USD,2020-03-27,189.2500
USD,2020-03-26,189.2500
USD,2020-03-25,189.2500
USD,2020-03-24,187.0000
USD,2020-03-23,187.0000
USD,2020-03-20,186.9384
USD,2020-03-19,184.9298
USD,2020-03-18,185.0854
USD,2020-03-17,183.6968
USD,2020-03-13,182.8203
USD,2020-03-12,182.4348
USD,2020-03-11,182.4495
USD,2020-03-10,181.8312
USD,2020-03-06,181.9223
USD,2020-03-05,182.0347
USD,2020-03-04,182.1086
USD,2020-03-03,182.0821
USD,2020-03-02,181.9261
USD,2020-02-28,181.8071
USD,2020-02-27,181.6870
USD,2020-02-26,181.7458
USD,2020-02-25,181.7795
USD,2020-02-24,181.8423
USD,2020-02-20,181.8976
USD,2020-02-19,181.6199
USD,2020-02-18,181.5334
USD,2020-02-17,181.4757
USD,2020-02-14,181.4571
USD,2020-02-13,181.4481
USD,2020-02-12,181.4240
USD,2020-02-11,181.4241
USD,2020-02-10,181.3709
USD,2020-02-07,181.3408
USD,2020-02-06,181.3973
USD,2020-02-05,181.4781
USD,2020-02-03,181.4017
USD,2020-01-31,181.5857
USD,2020-01-30,181.4984
USD,2020-01-29,181.5348
USD,2020-01-28,181.5275
USD,2020-01-27,181.4427
USD,2020-01-24,181.4156
USD,2020-01-23,181.4718
USD,2020-01-22,181.3344
USD,2020-01-21,181.3382
USD,2020-01-20,181.3097
USD,2020-01-17,181.3814
USD,2020-01-16,181.5279
USD,2020-01-14,181.3012
USD,2020-01-13,181.4054
USD,2020-01-09,181.4217
USD,2020-01-08,181.3102
USD,2020-01-07,181.4523
USD,2020-01-06,181.3198
USD,2020-01-03,181.3687
USD,2020-01-02,181.0280
USD,2020-01-01,181.5011
