date,usd_lkr
2020-01-01,181.5011
2020-01-02,181.028
2020-01-03,181.3687
2020-01-06,181.3198
2020-01-07,181.4523
2020-01-08,181.3102
2020-01-09,181.4217
2020-01-13,181.4054
2020-01-14,181.3012
2020-01-16,181.5279
2020-01-17,181.3814
2020-01-20,181.3097
2020-01-21,181.3382
2020-01-22,181.3344
2020-01-23,181.4718
2020-01-24,181.4156
2020-01-27,181.4427
2020-01-28,181.5275
2020-01-29,181.5348
2020-01-30,181.4984
2020-01-31,181.5857
2020-02-03,181.4017
2020-02-05,181.4781
2020-02-06,181.3973
2020-02-07,181.3408
2020-02-10,181.3709
2020-02-11,181.4241
2020-02-12,181.424
2020-02-13,181.4481
2020-02-14,181.4571
2020-02-17,181.4757
2020-02-18,181.5334
2020-02-19,181.6199
2020-02-20,181.8976
2020-02-24,181.8423
2020-02-25,181.7795
2020-02-26,181.7458
2020-02-27,181.687
2020-02-28,181.8071
2020-03-02,181.9261
2020-03-03,182.0821
2020-03-04,182.1086
2020-03-05,182.0347
2020-03-06,181.9223
2020-03-10,181.8312
2020-03-11,182.4495
2020-03-12,182.4348
2020-03-13,182.8203
2020-03-17,183.6968
2020-03-18,185.0854
2020-03-19,184.9298
2020-03-20,186.9384
2020-03-23,187.0
2020-03-24,187.0
2020-03-25,189.25
2020-03-26,189.25
2020-03-27,189.25
2020-03-30,190.5
2020-03-31,188.6236
2020-04-01,190.1563
2020-04-02,190.0
2020-04-03,191.0
2020-04-06,194.8023
2020-04-08,198.4216
2020-04-09,199.7543
2020-04-15,192.9366
2020-04-16,191.6919
2020-04-17,192.6776
2020-04-20,191.7233
2020-04-21,194.8458
2020-04-22,192.6909
2020-04-23,192.72
2020-04-24,192.0
2020-04-27,192.0
2020-04-28,192.5
2020-04-29,192.7667
2020-04-30,192.85
2020-05-04,191.9692
2020-05-05,190.1281
2020-05-06,188.952
2020-05-11,188.3479
2020-05-12,188.1075
2020-05-13,188.4262
2020-05-14,188.1954
2020-05-15,188.0186
2020-05-18,187.9868
2020-05-19,187.59
2020-05-20,187.6121
2020-05-21,187.2876
2020-05-22,186.9062
2020-05-26,185.6954
2020-05-27,186.081
2020-05-28,186.1153
2020-05-29,186.2865
2020-06-01,186.1456
2020-06-02,186.1136
2020-06-03,185.8628
2020-06-04,185.7939
2020-06-08,185.4808
2020-06-09,185.0714
2020-06-10,185.0856
2020-06-11,185.1107
2020-06-12,185.1677
2020-06-15,185.1799
2020-06-16,185.6585
2020-06-17,185.9544
2020-06-18,186.6082
2020-06-19,186.5611
2020-06-22,186.5972
2020-06-23,186.603
2020-06-24,186.6693
2020-06-25,186.5942
2020-06-26,186.44
2020-06-29,186.1179
2020-06-30,186.2292
2020-07-01,186.2067
2020-07-02,186.2482
2020-07-03,186.0915
2020-07-06,185.9691
2020-07-07,185.8686
2020-07-08,185.8464
2020-07-09,185.8278
2020-07-10,185.7142
2020-07-13,185.8664
2020-07-14,185.9109
2020-07-15,185.8384
2020-07-16,185.8084
2020-07-17,185.8043
2020-07-20,185.7792
2020-07-21,185.7477
2020-07-22,185.776
2020-07-23,185.7909
2020-07-24,185.7495
2020-07-27,185.7681
2020-07-28,185.7498
2020-07-29,185.7586
2020-07-30,185.7224
2020-07-31,185.6769
2020-08-04,185.6137
2020-08-05,185.5532
2020-08-06,185.5025
2020-08-07,185.4435
2020-08-10,185.3294
2020-08-11,184.8127
2020-08-12,184.2772
2020-08-13,183.4614
2020-08-14,182.645
2020-08-17,182.8155
2020-08-18,183.3052
2020-08-19,184.0783
2020-08-20,185.2732
2020-08-21,186.0642
2020-08-24,184.1213
2020-08-25,184.7242
2020-08-26,186.1231
2020-08-27,186.3253
2020-08-28,186.2504
2020-08-31,186.1578
2020-09-02,186.1004
2020-09-03,185.4189
2020-09-04,185.2317
2020-09-07,185.2125
2020-09-08,184.7814
2020-09-09,184.3959
2020-09-10,184.3531
2020-09-11,184.736
2020-09-14,184.5487
2020-09-15,184.2087
2020-09-16,184.4109
2020-09-17,184.8888
2020-09-18,184.9621
2020-09-21,185.3935
2020-09-22,185.5337
2020-09-23,185.3808
2020-09-24,185.0959
2020-09-25,185.0175
2020-09-28,185.1969
2020-09-29,185.2765
2020-09-30,185.5224
2020-10-02,184.9467
2020-10-05,184.5675
2020-10-06,184.7631
2020-10-07,184.7127
2020-10-08,184.4723
2020-10-09,184.1916
2020-10-12,184.1909
2020-10-13,184.1919
2020-10-14,184.2721
2020-10-15,184.6039
2020-10-16,184.6942
2020-10-19,184.3203
2020-10-20,184.3122
2020-10-21,184.4198
2020-10-22,184.3514
2020-10-23,184.3012
2020-10-26,184.5397
2020-10-27,184.3315
2020-10-28,184.2983
2020-10-29,184.2769
2020-11-02,184.2938
2020-11-03,184.4256
2020-11-04,184.431
2020-11-05,184.3855
2020-11-06,184.437
2020-11-09,184.4664
2020-11-10,184.6113
2020-11-11,184.5183
2020-11-12,184.5985
2020-11-13,184.6036
2020-11-16,184.6106
2020-11-17,185.0098
2020-11-18,184.9
2020-11-19,184.9321
2020-11-20,184.6405
2020-11-23,185.1174
2020-11-24,185.4844
2020-11-25,185.4
2020-11-26,185.5071
2020-11-27,185.2192
2020-11-30,184.9601
2020-12-01,185.8
2020-12-02,185.6
2020-12-03,186.8761
2020-12-04,186.5279
2020-12-07,185.4773
2020-12-08,186.2349
2020-12-09,186.1692
2020-12-10,185.9231
2020-12-11,185.9087
2020-12-14,186.02
2020-12-15,186.7323
2020-12-16,187.8877
2020-12-17,188.0686
2020-12-18,187.878
2020-12-21,187.86
2020-12-22,187.7
2020-12-23,189.2842
2020-12-24,190.2188
2020-12-28,190.2846
2020-12-30,187.9667
2020-12-31,186.4082
2021-01-01,185.3906
2021-01-04,185.275
2021-01-05,185.0
2021-01-06,185.0
2021-01-07,185.0
2021-01-08,185.5
2021-01-11,187.5251
2021-01-12,187.0
2021-01-13,186.994
2021-01-15,191.0367
2021-01-18,192.7447
2021-01-19,193.6458
2021-01-20,194.798
2021-01-21,194.798
2021-01-22,196.425
2021-01-25,196.8017
2021-01-26,196.1519
2021-01-27,195.863
2021-01-29,194.3948
2021-02-01,190.9824
2021-02-02,192.5656
2021-02-03,194.0008
2021-02-05,194.4118
2021-02-08,193.7369
2021-02-09,194.358
2021-02-10,194.309
2021-02-11,194.5
2021-02-12,194.625
2021-02-15,193.9717
2021-02-16,193.9717
2021-02-17,194.958
2021-02-18,194.85
2021-02-19,194.85
2021-02-22,194.8257
2021-02-23,194.2126
2021-02-24,194.056
2021-02-25,194.0119
2021-03-01,194.0149
2021-03-02,194.5
2021-03-03,195.6288
2021-03-04,195.2692
2021-03-05,195.3636
2021-03-08,195.5
2021-03-09,195.5
2021-03-10,195.9905
2021-03-12,196.5333
2021-03-15,196.0383
2021-03-16,196.775
2021-03-17,198.4945
2021-03-18,197.45
2021-03-19,199.2803
2021-03-22,197.4667
2021-03-23,197.7692
2021-03-24,198.953
2021-03-25,198.0
2021-03-26,198.445
2021-03-29,198.1705
2021-03-30,199.4353
2021-03-31,199.0377
2021-04-01,199.2153
2021-04-05,199.375
2021-04-06,199.75
2021-04-07,199.005
2021-04-08,200.0184
2021-04-09,199.8744
2021-04-12,199.91
2021-04-15,200.0
2021-04-16,199.9346
2021-04-19,194.4485
2021-04-20,191.9721
2021-04-21,191.881
2021-04-22,192.0
2021-04-23,191.9368
2021-04-27,197.5
2021-04-28,197.5
2021-04-29,199.75
2021-04-30,199.5437
2021-05-03,199.2275
2021-05-04,199.6915
2021-05-05,199.5872
2021-05-06,199.5887
2021-05-07,199.5155
2021-05-10,199.5062
2021-05-11,199.5817
2021-05-12,199.5695
2021-05-13,199.5
2021-05-17,199.5
2021-05-18,199.7873
2021-05-19,199.6716
2021-05-20,199.6625
2021-05-21,199.9
2021-05-24,199.6668
2021-05-25,199.5057
2021-05-28,199.5632
2021-05-31,199.5
2021-06-01,199.5
2021-06-02,199.5
2021-06-03,199.5342
2021-06-04,199.6853
2021-06-07,199.6853
2021-06-08,199.695
2021-06-09,199.825
2021-06-10,199.6761
2021-06-11,199.7609
2021-06-14,199.8891
2021-06-15,199.5
2021-06-16,199.7238
2021-06-17,199.8643
2021-06-18,199.8265
2021-06-21,199.8743
2021-06-22,199.9083
2021-06-23,199.8938
2021-06-25,199.8664
2021-06-28,199.8904
2021-06-29,199.9005
2021-06-30,201.1381
2021-07-01,200.78
2021-07-02,200.5222
2021-07-05,199.9079
2021-07-06,199.9
2021-07-07,199.9
2021-07-08,199.9
2021-07-09,199.9
2021-07-12,199.9056
2021-07-13,199.9
2021-07-14,199.9
2021-07-15,199.8998
2021-07-16,199.9
2021-07-19,199.8942
2021-07-20,199.9019
2021-07-22,199.9
2021-07-26,199.9329
2021-07-27,199.9076
2021-07-28,199.9
2021-07-29,199.9033
2021-07-30,199.9
2021-08-02,199.9
2021-08-03,199.9
2021-08-04,199.9
2021-08-05,199.9
2021-08-06,199.9
2021-08-09,199.9075
2021-08-10,199.9
2021-08-11,199.916
2021-08-12,199.916
2021-08-13,199.916
2021-08-16,199.98
2021-08-17,199.9217
2021-08-18,199.9
2021-08-19,199.9
2021-08-20,199.9
2021-08-23,199.9
2021-08-24,199.9
2021-08-25,199.9
2021-08-26,199.95
2021-08-27,200.0
2021-08-30,202.6164
2021-08-31,210.0
2021-09-01,210.0
2021-09-02,210.0
2021-09-03,207.3455
2021-09-06,207.3455
2021-09-07,207.3455
2021-09-08,199.95
2021-09-09,199.9815
2021-09-10,200.0
2021-09-13,200.0
2021-09-14,200.0
2021-09-15,200.0
2021-09-16,200.0063
2021-09-17,200.0
2021-09-21,199.933
2021-09-22,199.6314
2021-09-23,199.9
2021-09-24,200.2591
2021-09-27,200.0
2021-09-28,200.0335
2021-09-29,199.9857
2021-09-30,199.9857
2021-10-01,200.6959
2021-10-04,200.14
2021-10-05,200.0
2021-10-06,200.06
2021-10-07,200.035
2021-10-08,202.98
2021-10-11,202.4
2021-10-12,202.4
2021-10-13,200.0
2021-10-14,200.0018
2021-10-15,201.25
2021-10-18,200.093
2021-10-21,200.5117
2021-10-22,201.0455
2021-10-25,201.9836
2021-10-26,203.0
2021-10-27,202.2092
2021-10-28,200.0311
2021-10-29,201.8705
2021-11-01,201.95
2021-11-02,202.4998
2021-11-03,202.5566
2021-11-05,202.6244
2021-11-08,200.3103
2021-11-09,202.0549
2021-11-10,202.3848
2021-11-11,201.4145
2021-11-12,202.3478
2021-11-15,202.05
2021-11-16,202.05
2021-11-17,201.3428
2021-11-19,202.192
2021-11-22,202.2
2021-11-23,202.4167
2021-11-24,200.7778
2021-11-25,200.9721
2021-11-26,201.2131
2021-11-29,201.7582
2021-11-30,202.0474
2021-12-01,202.0474
2021-12-02,201.9333
2021-12-03,200.4453
2021-12-06,202.25
2021-12-07,200.01
2021-12-08,201.5945
2021-12-09,201.2222
2021-12-10,201.0603
2021-12-13,201.3297
2021-12-14,201.873
2021-12-15,201.873
2021-12-16,200.6717
2021-12-17,201.5384
2021-12-20,203.0
2021-12-21,201.51
2021-12-22,201.3214
2021-12-23,200.7232
2021-12-24,200.918
2021-12-27,200.918
2021-12-28,201.5032
2021-12-29,201.0
2021-12-30,203.0
2021-12-31,200.4338
2022-01-03,200.4338
2022-01-04,200.0
2022-01-05,201.7081
2022-01-06,201.048
2022-01-07,201.3347
2022-01-10,201.9011
2022-01-11,200.945
2022-01-12,200.9798
2022-01-13,201.7844
2022-01-18,201.9442
2022-01-19,201.9442
2022-01-20,201.053
2022-01-21,202.75
2022-01-24,202.0
2022-01-25,202.0323
2022-01-26,201.5882
2022-01-27,202.0
2022-01-28,201.191
2022-01-31,201.191
2022-02-01,201.97
2022-02-02,201.4205
2022-02-03,201.5833
2022-02-07,202.0
2022-02-08,202.4091
2022-02-09,202.0659
2022-02-10,201.9637
2022-02-11,202.0
2022-02-14,201.0142
2022-02-15,201.0
2022-02-17,202.0123
2022-02-18,202.1141
2022-02-21,201.9298
2022-02-22,202.0
2022-02-23,201.1908
2022-02-24,201.1908
2022-02-25,202.33
2022-02-28,201.0571
2022-03-02,201.8979
2022-03-03,202.0
2022-03-04,201.6305
2022-03-07,202.04
2022-03-08,202.0909
2022-03-09,229.5
2022-03-10,229.3358
2022-03-11,251.9685
2022-03-14,251.9685
2022-03-15,263.33
2022-03-16,267.8621
2022-03-18,267.8769
2022-03-21,275.0
2022-03-22,280.0
2022-03-23,280.42
2022-03-24,280.0
2022-03-25,290.0
2022-03-28,294.9843
2022-03-29,294.9843
2022-03-30,306.0796
2022-03-31,299.0
2022-04-01,299.0
2022-04-04,310.8571
2022-04-05,307.7891
2022-04-06,307.7891
2022-04-07,299.8125
2022-04-08,299.0
2022-04-11,311.675
2022-04-12,313.67
2022-04-18,313.67
2022-04-19,310.0
2022-04-20,310.0
2022-04-21,335.0
2022-04-22,334.8
2022-04-25,334.8
2022-04-26,340.465
2022-04-27,337.9
2022-04-28,341.85
2022-04-29,341.85
2022-05-04,340.0
2022-05-05,349.9
2022-05-06,358.5686
2022-05-09,364.76
2022-05-10,364.76
2022-05-11,364.76
2022-05-12,360.0
2022-05-13,360.0
2022-05-17,359.75
2022-05-18,359.65
2022-05-19,359.55
2022-05-20,359.475
2022-05-23,359.4373
2022-05-24,359.3764
2022-05-25,359.3764
2022-05-26,359.7079
2022-05-27,359.25
2022-05-30,360.76
2022-05-31,360.76
2022-06-01,360.1114
2022-06-02,360.6
2022-06-03,360.3
2022-06-06,360.2773
2022-06-07,360.2773
2022-06-08,360.0255
2022-06-09,360.0255
2022-06-10,359.8
2022-06-13,359.8338
2022-06-15,359.85
2022-06-16,359.85
2022-06-17,359.75
2022-06-20,360.75
2022-06-21,361.75
2022-06-22,360.9
2022-06-23,360.9
2022-06-24,360.3
2022-06-27,360.3
2022-06-28,359.9
2022-06-29,359.72
2022-06-30,359.8782
2022-07-01,359.55
2022-07-04,359.7941
2022-07-05,359.7941
2022-07-06,359.8167
2022-07-07,360.82
2022-07-08,360.3497
2022-07-11,361.35
2022-07-12,360.9048
2022-07-14,361.9
2022-07-15,361.24
2022-07-18,361.0331
2022-07-19,361.1657
2022-07-20,361.87
2022-07-21,361.67
2022-07-22,361.3
2022-07-25,361.09
2022-07-26,361.0
2022-07-27,361.0
2022-07-28,361.0
2022-07-29,360.8
2022-08-01,361.0
2022-08-02,361.0
2022-08-03,360.9254
2022-08-04,360.9254
2022-08-05,360.8
2022-08-08,360.8
2022-08-09,360.94
2022-08-10,360.94
2022-08-12,360.85
2022-08-15,360.92
2022-08-16,360.9733
2022-08-17,360.96
2022-08-18,360.9733
2022-08-19,361.0
2022-08-22,360.9467
2022-08-23,361.0
2022-08-24,361.0
2022-08-25,361.0
2022-08-26,361.4
2022-08-29,361.17
2022-08-30,361.29
2022-08-31,361.148
2022-09-01,361.0786
2022-09-02,361.45
2022-09-05,361.45
2022-09-06,361.45
2022-09-07,361.8056
2022-09-08,361.9
2022-09-09,362.0
2022-09-12,362.2
2022-09-13,362.2824
2022-09-14,362.45
2022-09-15,362.45
2022-09-16,362.9
2022-09-19,362.9
2022-09-20,362.9
2022-09-21,362.9
2022-09-22,362.9
2022-09-23,362.9
2022-09-26,362.9
2022-09-27,362.9
2022-09-28,362.9
2022-09-29,362.9
2022-09-30,362.9
2022-10-03,362.9
2022-10-04,362.9
2022-10-05,362.9
2022-10-06,362.9
2022-10-07,362.9
2022-10-11,362.9
2022-10-12,362.9
2022-10-13,362.9
2022-10-14,363.14
2022-10-17,363.38
2022-10-18,363.38
2022-10-19,363.38
2022-10-20,363.38
2022-10-21,363.38
2022-10-25,363.38
2022-10-26,363.3
2022-10-27,363.3
2022-10-28,363.3
2022-10-31,363.3
2022-11-01,363.3
2022-11-02,363.3
2022-11-03,363.3
2022-11-04,363.5
2022-11-08,363.5
2022-11-09,363.5
2022-11-10,363.5
2022-11-11,363.5
2022-11-14,363.5
2022-11-15,363.5
2022-11-16,363.5
2022-11-17,363.5
2022-11-18,363.5
2022-11-21,363.5
2022-11-22,363.5
2022-11-23,363.5
2022-11-24,363.5
2022-11-25,363.0
2022-11-28,363.0
2022-11-29,363.1875
2022-11-30,363.1875
2022-12-01,363.19
2022-12-02,363.19
2022-12-05,363.1767
2022-12-06,363.18
2022-12-08,363.18
2022-12-09,363.18
2022-12-12,363.18
2022-12-13,363.18
2022-12-14,363.18
2022-12-15,363.18
2022-12-16,363.18
2022-12-19,363.18
2022-12-20,363.1612
2022-12-21,363.16
2022-12-22,363.16
2022-12-23,363.1733
2022-12-27,363.1
2022-12-28,363.1326
2022-12-29,363.13
2022-12-30,363.11
2023-01-02,363.11
2023-01-03,363.11
2023-01-04,363.11
2023-01-05,363.11
2023-01-09,363.0917
2023-01-10,362.2446
2023-01-11,362.24
2023-01-12,362.24
2023-01-13,362.24
2023-01-17,362.24
2023-01-18,362.24
2023-01-19,362.2698
2023-01-20,362.1694
2023-01-23,362.16
2023-01-24,362.16
2023-01-25,362.16
2023-01-26,362.14
2023-01-27,362.14
2023-01-30,362.14
2023-01-31,362.14
2023-02-01,362.14
2023-02-02,362.14
2023-02-03,361.9686
2023-02-06,361.9589
2023-02-07,361.96
2023-02-08,361.96
2023-02-09,361.9226
2023-02-10,361.9226
2023-02-13,361.92
2023-02-14,361.92
2023-02-15,361.92
2023-02-16,361.92
2023-02-17,361.92
2023-02-20,361.92
2023-02-21,361.92
2023-02-22,361.6615
2023-02-23,361.66
2023-02-24,362.668
2023-02-27,362.4983
2023-02-28,361.6318
2023-03-01,358.4593
2023-03-02,353.6543
2023-03-03,346.1724
2023-03-07,337.6693
2023-03-08,326.6337
2023-03-09,319.5585
2023-03-10,318.633
2023-03-13,319.105
2023-03-14,322.9615
2023-03-15,327.0617
2023-03-16,337.2877
2023-03-17,336.8
2023-03-20,335.2842
2023-03-21,335.0815
2023-03-22,321.8906
2023-03-23,317.3116
2023-03-24,318.6334
2023-03-27,320.5985
2023-03-28,319.9778
2023-03-29,322.6667
2023-03-30,325.6324
2023-03-31,327.2857
2023-04-03,327.5
2023-04-04,323.7837
2023-04-06,321.1748
2023-04-10,319.9741
2023-04-11,319.833
2023-04-12,319.85
2023-04-17,319.5718
2023-04-18,319.9261
2023-04-19,320.83
2023-04-20,320.7155
2023-04-21,321.1373
2023-04-24,321.6512
2023-04-25,321.8
2023-04-26,321.7598
2023-04-27,321.6324
2023-04-28,321.65
2023-05-02,321.4389
2023-05-03,320.9014
2023-05-04,319.9665
2023-05-08,319.4428
2023-05-09,318.5233
2023-05-10,318.0867
2023-05-11,316.6797
2023-05-12,313.654
2023-05-15,313.2454
2023-05-16,312.639
2023-05-17,310.4042
2023-05-18,307.3664
2023-05-19,305.7839
2023-05-22,307.0783
2023-05-23,305.8837
2023-05-24,304.707
2023-05-25,303.2681
2023-05-26,303.05
2023-05-29,299.1118
2023-05-30,296.6888
2023-05-31,295.5211
2023-06-01,292.4557
2023-06-02,292.2778
2023-06-05,292.3145
2023-06-06,291.5413
2023-06-07,291.2115
2023-06-08,290.9686
2023-06-09,293.2079
2023-06-12,296.2449
2023-06-13,300.4257
2023-06-14,303.2095
2023-06-15,308.4828
2023-06-16,313.8245
2023-06-19,309.2
2023-06-20,305.9231
2023-06-21,306.125
2023-06-22,306.9052
2023-06-23,306.9543
2023-06-26,307.0
2023-06-27,308.1212
2023-06-28,308.83
2023-07-04,308.1162
2023-07-05,306.2611
2023-07-06,306.9852
2023-07-07,308.1957
2023-07-10,311.5068
2023-07-11,312.7857
2023-07-12,313.9049
2023-07-13,314.5869
2023-07-14,316.3556
2023-07-17,319.1206
2023-07-18,322.8065
2023-07-19,322.5265
2023-07-20,324.25
2023-07-21,325.2204
2023-07-24,326.75
2023-07-25,329.0
2023-07-26,329.4167
2023-07-27,329.3811
2023-07-28,329.2804
2023-07-31,329.3566
2023-08-02,324.6497
2023-08-03,314.0972
2023-08-04,318.4438
2023-08-07,318.4438
2023-08-08,321.496
2023-08-09,321.0833
2023-08-10,320.2591
2023-08-11,320.0006
2023-08-14,319.9817
2023-08-15,320.9366
2023-08-16,321.1804
2023-08-17,321.0863
2023-08-18,321.8596
2023-08-21,323.2519
2023-08-22,323.935
2023-08-23,323.935
2023-08-24,323.9704
2023-08-25,324.05
2023-08-28,323.8714
2023-08-29,323.9093
2023-08-31,322.6634
2023-09-01,319.6472
2023-09-04,319.257
2023-09-05,320.3778
2023-09-06,321.9978
2023-09-07,321.995
2023-09-08,322.3871
2023-09-11,321.6556
2023-09-12,322.2833
2023-09-13,322.3823
2023-09-14,323.3778
2023-09-15,323.3731
2023-09-18,323.375
2023-09-19,323.7088
2023-09-20,324.0
2023-09-21,324.7013
2023-09-22,324.6121
2023-09-25,324.4375
2023-09-26,324.5999
2023-09-27,324.4478
2023-10-02,323.5166
2023-10-03,323.8
2023-10-04,323.7654
2023-10-05,323.7722
2023-10-06,323.6946
2023-10-09,323.6117
2023-10-10,323.6026
2023-10-11,323.8082
2023-10-12,323.848
2023-10-13,323.7977
2023-10-16,323.86
2023-10-17,323.9143
2023-10-18,324.1357
2023-10-19,324.38
2023-10-20,324.9747
2023-10-23,325.0
2023-10-24,325.9017
2023-10-25,327.1063
2023-10-26,326.5647
2023-10-27,326.5
2023-10-30,327.13
2023-10-31,327.3817
2023-11-01,327.6173
2023-11-02,328.0343
2023-11-03,329.0615
2023-11-06,328.9773
2023-11-07,327.736
2023-11-08,327.1236
2023-11-09,328.41
2023-11-10,328.461
2023-11-13,327.193
2023-11-14,326.894
2023-11-15,327.3643
2023-11-16,328.6449
2023-11-17,328.0732
2023-11-20,327.9164
2023-11-21,328.0918
2023-11-22,328.3919
2023-11-23,328.4842
2023-11-24,328.7214
2023-11-27,328.7498
2023-11-28,329.0036
2023-11-29,329.509
2023-11-30,329.0423
2023-12-01,327.5552
2023-12-04,327.9839
2023-12-05,328.0314
2023-12-06,328.0175
2023-12-07,327.1342
2023-12-08,326.59
2023-12-11,326.9314
2023-12-12,327.1808
2023-12-13,327.0966
2023-12-14,326.7793
2023-12-15,326.7231
2023-12-18,326.9856
2023-12-19,326.9249
2023-12-20,326.9605
2023-12-21,326.9669
2023-12-22,326.3519
2023-12-27,325.7409
2023-12-28,324.2268
2023-12-29,323.9233
2024-01-01,323.9902
2024-01-02,323.1861
2024-01-03,321.12
2024-01-04,322.2375
2024-01-05,322.4275
2024-01-08,322.4406
2024-01-09,322.4136
2024-01-10,322.6356
2024-01-11,322.83
2024-01-12,322.6884
2024-01-16,322.2038
2024-01-17,321.7534
2024-01-18,321.2243
2024-01-19,320.8826
2024-01-22,320.5246
2024-01-23,320.0536
2024-01-24,319.9412
2024-01-26,319.1591
2024-01-29,317.5185
2024-01-30,317.9432
2024-01-31,317.4089
2024-02-01,316.1275
2024-02-02,314.0218
2024-02-05,311.4132
2024-02-06,312.2364
2024-02-07,314.0343
2024-02-08,313.2212
2024-02-09,313.5869
2024-02-12,313.0338
2024-02-13,313.2487
2024-02-14,313.4241
2024-02-15,313.1705
2024-02-16,312.8934
2024-02-19,312.4391
2024-02-20,312.2604
2024-02-21,312.0305
2024-02-22,311.6802
2024-02-26,311.1185
2024-02-27,310.7593
2024-02-28,310.7494
2024-02-29,310.1532
2024-03-01,309.8946
2024-03-04,309.1297
2024-03-05,308.1077
2024-03-06,307.9685
2024-03-07,307.8186
2024-03-11,307.5613
2024-03-12,307.0298
2024-03-13,306.5707
2024-03-14,306.2613
2024-03-15,305.6448
2024-03-18,305.2394
2024-03-19,304.637
2024-03-20,303.9755
2024-03-21,304.3412
2024-03-22,303.9446
2024-03-25,303.5486
2024-03-26,302.751
2024-03-27,302.0263
2024-03-28,301.1837
2024-04-01,300.4081
2024-04-02,300.1378
2024-04-03,299.9632
2024-04-04,299.8867
2024-04-05,299.8185
2024-04-08,299.3771
2024-04-09,298.9576
2024-04-10,298.6751
2024-04-15,298.4963
2024-04-16,298.9094
2024-04-17,299.8253
2024-04-18,300.9111
2024-04-19,301.2744
2024-04-22,302.0
2024-04-24,301.4613
2024-04-25,298.7161
2024-04-26,297.1631
2024-04-29,296.2033
2024-04-30,296.8561
2024-05-02,297.602
2024-05-03,296.7992
2024-05-06,297.1335
2024-05-07,297.7495
2024-05-08,299.6247
2024-05-09,298.7068
2024-05-10,298.6317
2024-05-13,298.7882
2024-05-14,299.8957
2024-05-15,300.834
2024-05-16,302.2475
2024-05-17,301.3081
2024-05-20,299.8755
2024-05-21,299.8265
2024-05-22,299.7458
2024-05-27,299.9863
2024-05-28,300.4217
2024-05-29,301.2717
2024-05-30,301.51
2024-05-31,301.8883
2024-06-03,301.8946
2024-06-04,301.9524
2024-06-05,302.1706
2024-06-06,302.2895
2024-06-07,302.7081
2024-06-10,302.6971
2024-06-11,303.031
2024-06-12,303.4547
2024-06-13,303.738
2024-06-14,303.8309
2024-06-18,303.95
2024-06-19,304.4205
2024-06-20,305.2787
2024-06-24,305.4303
2024-06-25,305.3208
2024-06-26,305.4034
2024-06-27,305.3403
2024-06-28,305.7065
2024-07-01,306.0182
2024-07-02,305.8234
2024-07-03,303.5236
2024-07-04,304.0552
2024-07-05,304.5391
2024-07-08,304.8833
2024-07-09,304.4737
2024-07-10,304.2056
2024-07-11,303.7568
2024-07-12,303.3297
2024-07-15,302.1929
2024-07-16,301.4954
2024-07-17,303.3236
2024-07-18,303.8416
2024-07-19,303.9906
2024-07-22,303.6956
2024-07-23,303.7287
2024-07-24,303.8705
2024-07-25,303.5644
2024-07-26,303.62
2024-07-29,303.1957
2024-07-30,302.8885
2024-07-31,302.3706
2024-08-01,302.445
2024-08-02,302.4975
2024-08-05,302.0889
2024-08-06,302.2113
2024-08-07,302.3394
2024-08-08,301.8515
2024-08-09,301.2378
2024-08-12,300.4007
2024-08-13,299.6647
2024-08-14,299.228
2024-08-15,299.2783
2024-08-16,298.9042
2024-08-20,298.6809
2024-08-21,299.2525
2024-08-22,299.9863
2024-08-23,301.1343
2024-08-26,300.5002
2024-08-27,300.6037
2024-08-28,300.7178
2024-08-29,300.6837
2024-08-30,300.3276
2024-09-02,299.6011
2024-09-03,299.0072
2024-09-04,299.1715
2024-09-05,298.9385
2024-09-06,298.8696
2024-09-09,298.6949
2024-09-10,300.0746
2024-09-11,300.7295
2024-09-12,300.7654
2024-09-13,301.7977
2024-09-18,301.1969
2024-09-19,303.9177
2024-09-20,304.5504
2024-09-23,304.8847
2024-09-24,304.4214
2024-09-25,303.9075
2024-09-26,301.7592
2024-09-27,300.2152
2024-09-30,299.3565
2024-10-01,297.1955
2024-10-02,295.6217
2024-10-03,294.9272
2024-10-04,295.4684
2024-10-07,293.7819
2024-10-08,293.5476
2024-10-09,293.361
2024-10-10,292.9175
2024-10-11,293.1156
2024-10-14,292.8558
2024-10-15,292.8871
2024-10-16,293.6853
2024-10-18,292.9995
2024-10-21,292.8693
2024-10-22,293.0992
2024-10-23,293.2637
2024-10-24,293.2756
2024-10-25,293.6754
2024-10-28,293.6867
2024-10-29,293.5354
2024-10-30,293.7185
2024-11-01,293.4102
2024-11-04,292.9776
2024-11-05,293.0869
2024-11-06,293.1073
2024-11-07,292.9412
2024-11-08,292.6902
2024-11-11,292.6497
2024-11-12,292.594
2024-11-13,292.5977
2024-11-14,292.2986
2024-11-18,292.1947
2024-11-19,291.5886
2024-11-20,290.917
2024-11-21,290.9755
2024-11-22,290.9942
2024-11-25,290.9399
2024-11-26,291.0625
2024-11-27,291.1471
2024-11-28,291.0933
2024-11-29,290.9179
2024-12-02,290.6996
2024-12-03,290.6498
2024-12-04,290.5357
2024-12-05,290.5201
2024-12-06,290.4005
2024-12-09,290.3415
2024-12-10,290.3607
2024-12-11,290.3096
2024-12-12,290.2963
2024-12-13,290.2596
2024-12-16,290.323
2024-12-17,290.7605
2024-12-18,290.9406
2024-12-19,291.2826
2024-12-20,292.6811
2024-12-23,293.1667
2024-12-24,295.6109
2024-12-26,296.4816
2024-12-27,294.3343
2024-12-30,292.7528
2024-12-31,292.5833
2025-01-01,293.0027
2025-01-02,293.4147
2025-01-03,293.2654
2025-01-06,293.5577
2025-01-07,294.9314
2025-01-08,296.1507
2025-01-09,296.0915
2025-01-10,295.5931
2025-01-15,294.5963
2025-01-16,295.221
2025-01-17,296.5135
2025-01-20,296.6599
2025-01-21,296.8545
2025-01-22,297.4952
2025-01-23,298.6584
2025-01-24,298.8605
2025-01-27,298.411
2025-01-28,298.4691
2025-01-29,297.899
2025-01-30,296.5464
2025-01-31,297.5797
2025-02-03,297.6367
2025-02-05,299.1413
2025-02-06,298.9288
2025-02-07,298.4908
2025-02-10,297.6589
2025-02-11,297.5176
2025-02-13,297.0173
2025-02-14,296.556
2025-02-17,295.5232
2025-02-18,295.3468
2025-02-19,295.8921
2025-02-20,296.6271
2025-02-21,296.4754
2025-02-24,295.8829
2025-02-25,295.749
2025-02-27,295.7164
2025-02-28,295.4981
2025-03-03,295.368
2025-03-04,295.347
2025-03-05,295.2061
2025-03-06,295.2296
2025-03-07,295.5809
2025-03-10,295.468
2025-03-11,295.4696
2025-03-12,295.5014
2025-03-14,295.4196
2025-03-17,295.8118
2025-03-18,296.2915
2025-03-19,296.04
2025-03-20,296.2133
2025-03-21,296.6034
2025-03-24,296.5901
2025-03-25,296.7237
2025-03-26,296.6087
2025-03-27,296.4517
2025-03-28,296.3472
2025-04-01,296.3198
2025-04-02,296.1931
2025-04-03,296.0638
2025-04-04,296.8985
2025-04-07,296.7552
2025-04-08,297.5237
2025-04-09,298.6051
2025-04-10,301.2049
2025-04-11,298.8721
2025-04-16,298.138
2025-04-17,298.6186
2025-04-21,299.0786
2025-04-22,299.2328
2025-04-23,299.7194
2025-04-24,299.8285
2025-04-25,300.0608
2025-04-28,299.6968
2025-04-29,299.6612
2025-04-30,299.6218
2025-05-02,299.5698
2025-05-05,299.478
2025-05-06,299.5246
2025-05-07,299.4952
2025-05-08,299.4917
2025-05-09,299.2985
2025-05-14,298.9213
2025-05-15,298.6897
2025-05-16,298.5101
2025-05-19,298.8165
2025-05-20,299.547
2025-05-21,300.565
2025-05-22,299.8469
2025-05-23,299.4119
2025-05-26,299.336
2025-05-27,299.569
2025-05-28,299.6855
2025-05-29,299.6736
2025-05-30,299.4393
2025-06-02,299.4211
2025-06-03,299.5516
2025-06-04,299.5189
2025-06-05,299.3602
2025-06-06,299.2745
2025-06-09,299.1426
2025-06-11,299.1087
2025-06-12,298.9831
2025-06-13,299.0231
2025-06-16,299.4377
2025-06-17,300.7861
2025-06-18,300.8465
2025-06-19,300.7094
2025-06-20,300.6511
2025-06-23,300.4493
2025-06-24,301.1214
2025-06-25,300.4861
2025-06-26,300.2152
2025-06-27,299.9734
2025-06-30,299.9674
2025-07-01,299.9523
2025-07-02,300.0253
2025-07-03,299.9991
2025-07-04,300.0015
2025-07-07,300.2223
2025-07-08,300.5654
2025-07-09,300.9139
2025-07-11,300.7097
2025-07-14,300.7031
2025-07-15,300.9579
2025-07-16,300.955
2025-07-17,301.3045
2025-07-18,301.5145
2025-07-21,301.5995
2025-07-22,301.8496
2025-07-23,301.7347
2025-07-24,301.7688
2025-07-25,301.8293
2025-07-28,301.8716
2025-07-29,301.9502
2025-07-30,302.042
2025-07-31,302.2079
2025-08-01,302.1856
2025-08-04,301.6126
2025-08-05,301.0039
2025-08-06,300.9112
2025-08-07,300.766
2025-08-11,300.8113
2025-08-12,300.6705
2025-08-13,301.017
2025-08-14,300.9333
2025-08-15,301.0335
2025-08-18,301.1502
2025-08-19,301.1936
2025-08-20,301.5355
2025-08-21,301.8375
2025-08-22,301.8311
2025-08-25,301.9848
2025-08-26,302.2301
2025-08-27,302.302
2025-08-28,302.3261
2025-08-29,302.4465
2025-09-01,302.2931
2025-09-02,301.9727
2025-09-03,302.136
2025-09-04,302.136
2025-09-08,302.0218
2025-09-09,302.0123
2025-09-10,301.9019
2025-09-11,302.0173
2025-09-12,301.9126
2025-09-15,301.8134
2025-09-16,302.1169
2025-09-17,302.1078
2025-09-18,301.9777
2025-09-19,302.0652
2025-09-22,302.3706
2025-09-23,302.4124
2025-09-24,302.5314
2025-09-25,302.5733
2025-09-26,302.5248
2025-09-29,302.5988
2025-09-30,302.6097
2025-10-01,302.6158
2025-10-02,302.5171
2025-10-03,302.5219
2025-10-07,302.4794
2025-10-08,302.4906
2025-10-09,302.618
2025-10-10,302.7339
2025-10-13,302.6837
2025-10-14,302.602
2025-10-15,302.7268
2025-10-16,302.9654
2025-10-17,302.9869
2025-10-21,303.0311
2025-10-22,303.1106
2025-10-23,303.2568
2025-10-24,303.6082
2025-10-27,303.774
2025-10-28,304.0209
2025-10-29,304.2329
2025-10-30,304.3424
2025-10-31,304.4223
2025-11-03,304.4913
2025-11-04,304.5367
2025-11-06,304.6238
2025-11-07,304.9541
2025-11-10,304.9548
2025-11-11,304.391
2025-11-12,304.2775
2025-11-13,304.5194
2025-11-14,305.2173
2025-11-17,306.3737
2025-11-18,307.8955
2025-11-19,307.7857
2025-11-20,308.4745
2025-11-21,308.2526
2025-11-24,307.9781
2025-11-25,307.8585
2025-11-26,307.9064
2025-11-27,308.075
2025-11-28,308.0262
2025-12-01,308.071
2025-12-02,308.5126
2025-12-03,308.8268
2025-12-05,308.8479
2025-12-08,308.6553
2025-12-09,308.6083
2025-12-10,308.6494
2025-12-11,308.748
2025-12-12,309.0255
2025-12-15,309.1486
2025-12-16,309.2557
2025-12-17,309.5379
2025-12-18,309.6458
2025-12-19,309.7162
2025-12-22,309.5238
2025-12-23,309.5453
2025-12-24,309.658
2025-12-26,309.7074
2025-12-29,309.7101
2025-12-30,309.8309
2025-12-31,309.9944
2026-01-01,309.9809
2026-01-02,309.5365
2026-01-05,309.7548
2026-01-06,309.8535
2026-01-07,310.026
2026-01-08,310.1421
2026-01-09,309.7183
2026-01-12,309.3752
2026-01-13,309.0476
2026-01-14,309.1127
2026-01-16,309.3336
2026-01-19,309.6601
2026-01-20,309.7416
2026-01-21,309.8507
2026-01-22,309.6825
2026-01-23,309.7973
2026-01-26,309.8033
2026-01-27,309.5593
2026-01-28,309.6089
2026-01-29,309.6525
2026-01-30,309.4993
2026-02-02,309.2494
2026-02-03,309.4545
2026-02-05,309.5079
2026-02-06,309.4614
2026-02-09,309.3805
2026-02-10,309.449
2026-02-11,309.4591
2026-02-12,309.3864
2026-02-13,309.3532
2026-02-16,309.2053
2026-02-17,309.2197
2026-02-18,309.3161
2026-02-19,309.378
2026-02-20,309.3069
2026-02-23,309.3762
2026-02-24,309.3789
2026-02-25,309.3711
2026-02-26,309.3486
2026-02-27,309.3091
2026-03-03,309.2363
2026-03-04,310.1116
2026-03-05,310.295
2026-03-06,310.9029
2026-03-09,311.3373
2026-03-10,311.7288
2026-03-11,311.1244
2026-03-12,310.9475
2026-03-13,311.0653
2026-03-16,311.133
2026-03-17,311.3783
2026-03-18,311.3138
2026-03-19,311.3
2026-03-20,311.408
2026-03-23,311.7473
2026-03-24,312.964
2026-03-25,314.2167
2026-03-26,313.5091
2026-03-27,314.386
2026-03-30,314.8755
2026-03-31,315.1909
2026-04-02,315.21
2026-04-06,315.3833
2026-04-07,315.45
2026-04-08,315.4524
2026-04-09,315.2174
2026-04-10,315.55
2026-04-15,315.5893
2026-04-16,315.545
2026-04-17,315.7222
2026-04-20,316.44
2026-04-21,316.4443
2026-04-22,316.4625
2026-04-23,316.7792
2026-04-24,317.1708
2026-04-27,317.75
2026-04-28,317.9173
2026-04-29,318.6939
2026-04-30,319.3492
2026-05-04,319.9322
2026-05-05,319.5189
2026-05-06,319.7857
2026-05-07,320.4515
2026-05-08,321.6318
2026-05-11,321.8718
2026-05-12,322.028
2026-05-13,322.2773
2026-05-14,323.9586
2026-05-15,324.7184
2026-05-18,325.6208
2026-05-19,326.9212
2026-05-20,328.1968
2026-05-21,329.6367
2026-05-22,333.9925
2026-05-25,336.8818
2026-05-26,325.1144
2026-05-27,323.0195
2026-05-29,327.8205
2026-06-01,329.2241
2026-06-02,331.5775
2026-06-03,332.1604
2026-06-04,334.6149
2026-06-05,336.163
2026-06-08,336.3944
2026-06-09,336.8227
2026-06-10,337.6325
2026-06-11,330.9995
2026-06-12,333.3901
2026-06-15,336.1886
2026-06-16,331.589
2026-06-17,334.5835
2026-06-18,333.9788
2026-06-19,334.2827
2026-06-22,333.7646
2026-06-23,334.5438
2026-06-24,334.7745
